"Resultados a nivel de distrito, de la Evaluación Censal de Estudiantes 2024 - Cuarto de primaria",,,,,,,
,,,,,,,
Código Geografico,REGION,PROVINCIA,DISTRITO,Cobertura IE,Cobertura Estudiantes,Medida Promedio en Comprensión Lectora,Medida Promedio en Matemática
010101,AMAZONAS,CHACHAPOYAS,CHACHAPOYAS,"100,0","97,5",520,520
010103,AMAZONAS,CHACHAPOYAS,BALSAS,"100,0","96,3",438,432
010104,AMAZONAS,CHACHAPOYAS,CHETO,"100,0","100,0",495,511
010106,AMAZONAS,CHACHAPOYAS,CHUQUIBAMBA,"100,0","100,0",473,463
010109,AMAZONAS,CHACHAPOYAS,LA JALCA,"100,0","100,0",450,426
010110,AMAZONAS,CHACHAPOYAS,LEIMEBAMBA,"100,0","91,4",493,482
010111,AMAZONAS,CHACHAPOYAS,LEVANTO,"100,0","100,0",489,540
010112,AMAZONAS,CHACHAPOYAS,MAGDALENA,"100,0","93,8",490,499
010114,AMAZONAS,CHACHAPOYAS,MOLINOPAMPA,"100,0","100,0",506,519
010115,AMAZONAS,CHACHAPOYAS,MONTEVIDEO,"100,0","100,0",541,559
010119,AMAZONAS,CHACHAPOYAS,SAN ISIDRO DE MAINO,"100,0","100,0",476,462
010120,AMAZONAS,CHACHAPOYAS,SOLOCO,"100,0","90,9",493,489
010201,AMAZONAS,BAGUA,BAGUA,"100,0","96,9",489,474
010202,AMAZONAS,BAGUA,ARAMANGO,"100,0","99,2",463,453
010203,AMAZONAS,BAGUA,COPALLIN,"100,0","100,0",467,440
010204,AMAZONAS,BAGUA,EL PARCO,"100,0","100,0",433,418
010205,AMAZONAS,BAGUA,IMAZA,"100,0","90,6",433,390
010206,AMAZONAS,BAGUA,LA PECA,"100,0","95,5",466,454
010301,AMAZONAS,BONGARÁ,JUMBILLA,"100,0","100,0",511,509
010303,AMAZONAS,BONGARÁ,CHURUJA,"100,0","100,0",475,495
010304,AMAZONAS,BONGARÁ,COROSHA,"100,0","95,2",499,485
010305,AMAZONAS,BONGARÁ,CUISPES,"100,0","100,0",484,415
010306,AMAZONAS,BONGARÁ,FLORIDA,"100,0","100,0",493,505
010307,AMAZONAS,BONGARÁ,JAZAN,"100,0","98,2",493,503
010310,AMAZONAS,BONGARÁ,SHIPASBAMBA,"100,0","100,0",495,540
010312,AMAZONAS,BONGARÁ,YAMBRASBAMBA,"100,0","99,1",491,520
010401,AMAZONAS,CONDORCANQUI,NIEVA,"100,0","91,8",439,411
010402,AMAZONAS,CONDORCANQUI,EL CENEPA,"100,0","90,9",352,268
010403,AMAZONAS,CONDORCANQUI,RIO SANTIAGO,"100,0","93,4",355,302
010501,AMAZONAS,LUYA,LAMUD,"100,0","100,0",514,523
010502,AMAZONAS,LUYA,CAMPORREDONDO,"100,0","94,8",470,458
010503,AMAZONAS,LUYA,COCABAMBA,"100,0","94,1",449,457
010504,AMAZONAS,LUYA,COLCAMAR,"100,0","100,0",476,490
010505,AMAZONAS,LUYA,CONILA,"100,0","100,0",463,443
010507,AMAZONAS,LUYA,LONGUITA,"100,0","93,3",494,513
010508,AMAZONAS,LUYA,LONYA CHICO,"100,0","100,0",499,506
010509,AMAZONAS,LUYA,LUYA,"100,0","100,0",521,534
010510,AMAZONAS,LUYA,LUYA VIEJO,"100,0","100,0",438,398
010511,AMAZONAS,LUYA,MARIA,"100,0","100,0",535,541
010512,AMAZONAS,LUYA,OCALLI,"100,0","100,0",471,444
010513,AMAZONAS,LUYA,OCUMAL,"100,0","100,0",487,476
010514,AMAZONAS,LUYA,PISUQUIA,"100,0","100,0",472,467
010515,AMAZONAS,LUYA,PROVIDENCIA,"100,0","91,7",473,470
010516,AMAZONAS,LUYA,SAN CRISTOBAL,"100,0","100,0",478,468
010519,AMAZONAS,LUYA,SAN JUAN DE LOPECANCHA,"100,0","100,0",421,366
010520,AMAZONAS,LUYA,SANTA CATALINA,"100,0","97,5",489,504
010521,AMAZONAS,LUYA,SANTO TOMAS,"100,0","92,0",453,466
010522,AMAZONAS,LUYA,TINGO,"100,0","92,9",502,495
010523,AMAZONAS,LUYA,TRITA,"100,0","100,0",462,437
010601,AMAZONAS,RODRÍGUEZ DE MENDOZA,SAN NICOLAS,"100,0","98,4",494,479
010602,AMAZONAS,RODRÍGUEZ DE MENDOZA,CHIRIMOTO,"100,0","91,5",465,446
010603,AMAZONAS,RODRÍGUEZ DE MENDOZA,COCHAMAL,"100,0","100,0",530,490
010604,AMAZONAS,RODRÍGUEZ DE MENDOZA,HUAMBO,"100,0","100,0",468,475
010605,AMAZONAS,RODRÍGUEZ DE MENDOZA,LIMABAMBA,"100,0","100,0",506,478
010606,AMAZONAS,RODRÍGUEZ DE MENDOZA,LONGAR,"100,0","94,4",525,525
010607,AMAZONAS,RODRÍGUEZ DE MENDOZA,MARISCAL BENAVIDES,"100,0","90,9",520,530
010609,AMAZONAS,RODRÍGUEZ DE MENDOZA,OMIA,"100,0","98,4",478,478
010612,AMAZONAS,RODRÍGUEZ DE MENDOZA,VISTA ALEGRE,"100,0","97,3",464,469
010701,AMAZONAS,UTCUBAMBA,BAGUA GRANDE,"100,0","96,6",471,461
010702,AMAZONAS,UTCUBAMBA,CAJARURO,"100,0","97,9",456,432
010703,AMAZONAS,UTCUBAMBA,CUMBA,"100,0","97,7",456,438
010704,AMAZONAS,UTCUBAMBA,EL MILAGRO,"100,0","97,5",452,424
010705,AMAZONAS,UTCUBAMBA,JAMALCA,"100,0","96,7",466,444
010706,AMAZONAS,UTCUBAMBA,LONYA GRANDE,"100,0","97,0",469,447
010707,AMAZONAS,UTCUBAMBA,YAMON,"100,0","93,6",452,451
020101,ÁNCASH,HUARAZ,HUARAZ,"100,0","98,6",500,481
020102,ÁNCASH,HUARAZ,COCHABAMBA,"100,0","100,0",430,408
020104,ÁNCASH,HUARAZ,HUANCHAY,"100,0","100,0",447,401
020105,ÁNCASH,HUARAZ,INDEPENDENCIA,"100,0","97,8",499,480
020106,ÁNCASH,HUARAZ,JANGAS,"100,0","100,0",478,459
020107,ÁNCASH,HUARAZ,LA LIBERTAD,"100,0","100,0",447,390
020108,ÁNCASH,HUARAZ,OLLEROS,"100,0","96,0",431,424
020109,ÁNCASH,HUARAZ,PAMPAS GRANDE,"100,0","100,0",431,395
020110,ÁNCASH,HUARAZ,PARIACOTO,"100,0","95,7",450,428
020111,ÁNCASH,HUARAZ,PIRA,"100,0","100,0",409,345
020112,ÁNCASH,HUARAZ,TARICA,"100,0","98,8",476,447
020201,ÁNCASH,AIJA,AIJA,"100,0","100,0",503,489
020202,ÁNCASH,AIJA,CORIS,"100,0","88,9",518,489
020204,ÁNCASH,AIJA,LA MERCED,"100,0","100,0",466,431
020205,ÁNCASH,AIJA,SUCCHA,"100,0","100,0",464,390
020301,ÁNCASH,ANTONIO RAIMONDI,LLAMELLIN,"100,0","95,3",430,385
020302,ÁNCASH,ANTONIO RAIMONDI,ACZO,"100,0","90,9",465,412
020304,ÁNCASH,ANTONIO RAIMONDI,CHINGAS,"100,0","100,0",460,452
020401,ÁNCASH,ASUNCIÓN,CHACAS,"100,0","97,6",482,459
020402,ÁNCASH,ASUNCIÓN,ACOCHACA,"100,0","100,0",469,456
020501,ÁNCASH,BOLOGNESI,CHIQUIAN,"100,0","100,0",500,495
020503,ÁNCASH,BOLOGNESI,ANTONIO RAYMONDI,"100,0","100,0",505,515
020504,ÁNCASH,BOLOGNESI,AQUIA,"100,0","94,7",427,382
020505,ÁNCASH,BOLOGNESI,CAJACAY,"100,0","100,0",489,519
020507,ÁNCASH,BOLOGNESI,COLQUIOC,"100,0","100,0",497,502
020508,ÁNCASH,BOLOGNESI,HUALLANCA,"100,0","96,3",450,428
020510,ÁNCASH,BOLOGNESI,HUAYLLACAYAN,"100,0","100,0",509,530
020513,ÁNCASH,BOLOGNESI,PACLLON,"100,0","100,0",439,390
020515,ÁNCASH,BOLOGNESI,TICLLOS,"100,0","100,0",483,549
020601,ÁNCASH,CARHUAZ,CARHUAZ,"100,0","99,2",474,461
020602,ÁNCASH,CARHUAZ,ACOPAMPA,"100,0","90,5",448,419
020603,ÁNCASH,CARHUAZ,AMASHCA,"100,0","100,0",448,486
020604,ÁNCASH,CARHUAZ,ANTA,"100,0","100,0",479,448
020606,ÁNCASH,CARHUAZ,MARCARA,"100,0","100,0",456,437
020607,ÁNCASH,CARHUAZ,PARIAHUANCA,"100,0","95,2",480,468
020608,ÁNCASH,CARHUAZ,SAN MIGUEL DE ACO,"100,0","97,1",445,396
020609,ÁNCASH,CARHUAZ,SHILLA,"100,0","100,0",450,441
020610,ÁNCASH,CARHUAZ,TINCO,"100,0","100,0",442,420
020611,ÁNCASH,CARHUAZ,YUNGAR,"100,0","100,0",479,462
020701,ÁNCASH,CARLOS FERMÍN FITZCARRAL,SAN LUIS,"100,0","98,0",481,473
020702,ÁNCASH,CARLOS FERMÍN FITZCARRAL,SAN NICOLAS,"100,0","100,0",496,471
020801,ÁNCASH,CASMA,CASMA,"100,0","96,7",481,468
020802,ÁNCASH,CASMA,BUENA VISTA ALTA,"100,0","96,1",459,443
020803,ÁNCASH,CASMA,COMANDANTE NOEL,"100,0","94,4",447,439
020804,ÁNCASH,CASMA,YAUTAN,"100,0","96,2",455,458
020901,ÁNCASH,CORONGO,CORONGO,"100,0","100,0",486,501
020902,ÁNCASH,CORONGO,ACO,"100,0","100,0",462,413
020903,ÁNCASH,CORONGO,BAMBAS,"100,0","71,4",-,-
020904,ÁNCASH,CORONGO,CUSCA,"100,0","98,6",451,436
020905,ÁNCASH,CORONGO,LA PAMPA,"100,0","100,0",482,433
020907,ÁNCASH,CORONGO,YUPAN,"100,0","100,0",422,380
021001,ÁNCASH,HUARI,HUARI,"100,0","99,5",478,461
021002,ÁNCASH,HUARI,ANRA,"100,0","100,0",424,383
021004,ÁNCASH,HUARI,CHAVIN DE HUANTAR,"100,0","100,0",474,470
021006,ÁNCASH,HUARI,HUACCHIS,"100,0","100,0",459,405
021007,ÁNCASH,HUARI,HUACHIS,"100,0","100,0",453,401
021009,ÁNCASH,HUARI,MASIN,"100,0","100,0",509,452
021010,ÁNCASH,HUARI,PAUCAS,"100,0","100,0",409,402
021011,ÁNCASH,HUARI,PONTO,"100,0","100,0",455,428
021012,ÁNCASH,HUARI,RAHUAPAMPA,"100,0","94,4",499,478
021013,ÁNCASH,HUARI,RAPAYAN,"100,0","100,0",483,488
021014,ÁNCASH,HUARI,SAN MARCOS,"100,0","98,0",450,417
021015,ÁNCASH,HUARI,SAN PEDRO DE CHANA,"100,0","95,5",439,378
021016,ÁNCASH,HUARI,UCO,"100,0","100,0",425,378
021101,ÁNCASH,HUARMEY,HUARMEY,"100,0","98,3",475,455
021102,ÁNCASH,HUARMEY,COCHAPETI,"100,0","100,0",436,374
021103,ÁNCASH,HUARMEY,CULEBRAS,"100,0","100,0",475,459
021104,ÁNCASH,HUARMEY,HUAYAN,"100,0","100,0",485,483
021201,ÁNCASH,HUAYLAS,CARAZ,"100,0","97,5",474,454
021202,ÁNCASH,HUAYLAS,HUALLANCA,"100,0","87,5",473,438
021203,ÁNCASH,HUAYLAS,HUATA,"100,0","100,0",413,379
021204,ÁNCASH,HUAYLAS,HUAYLAS,"100,0","100,0",426,393
021205,ÁNCASH,HUAYLAS,MATO,"100,0","100,0",439,392
021206,ÁNCASH,HUAYLAS,PAMPAROMAS,"100,0","92,3",392,299
021207,ÁNCASH,HUAYLAS,PUEBLO LIBRE,"100,0","97,8",424,394
021208,ÁNCASH,HUAYLAS,SANTA CRUZ,"100,0","92,5",431,381
021209,ÁNCASH,HUAYLAS,SANTO TORIBIO,"100,0","94,7",449,409
021210,ÁNCASH,HUAYLAS,YURACMARCA,"100,0","96,6",428,402
021301,ÁNCASH,MARISCAL LUZURIAGA,PISCOBAMBA,"100,0","100,0",455,426
021302,ÁNCASH,MARISCAL LUZURIAGA,CASCA,"100,0","100,0",410,365
021305,ÁNCASH,MARISCAL LUZURIAGA,LLAMA,"100,0","100,0",415,316
021306,ÁNCASH,MARISCAL LUZURIAGA,LLUMPA,"100,0","84,6",435,420
021401,ÁNCASH,OCROS,OCROS,"100,0","100,0",448,460
021402,ÁNCASH,OCROS,ACAS,"100,0","100,0",514,536
021405,ÁNCASH,OCROS,COCHAS,"100,0","100,0",470,484
021406,ÁNCASH,OCROS,CONGAS,"100,0","100,0",432,391
021408,ÁNCASH,OCROS,SAN CRISTOBAL DE RAJAN,"100,0","100,0",374,361
021409,ÁNCASH,OCROS,SAN PEDRO,"100,0","100,0",458,410
021410,ÁNCASH,OCROS,SANTIAGO DE CHILCAS,"100,0","100,0",425,391
021501,ÁNCASH,PALLASCA,CABANA,"100,0","97,6",458,408
021502,ÁNCASH,PALLASCA,BOLOGNESI,"100,0","100,0",444,394
021503,ÁNCASH,PALLASCA,CONCHUCOS,"100,0","93,2",440,412
021504,ÁNCASH,PALLASCA,HUACASCHUQUE,"100,0","100,0",495,454
021505,ÁNCASH,PALLASCA,HUANDOVAL,"100,0","100,0",432,367
021506,ÁNCASH,PALLASCA,LACABAMBA,"100,0","100,0",431,398
021507,ÁNCASH,PALLASCA,LLAPO,"100,0","100,0",475,442
021508,ÁNCASH,PALLASCA,PALLASCA,"100,0","100,0",479,447
021509,ÁNCASH,PALLASCA,PAMPAS,"100,0","100,0",446,431
021510,ÁNCASH,PALLASCA,SANTA ROSA,"100,0","100,0",461,453
021511,ÁNCASH,PALLASCA,TAUCA,"100,0","100,0",468,454
021601,ÁNCASH,POMABAMBA,POMABAMBA,"100,0","97,5",453,430
021602,ÁNCASH,POMABAMBA,HUAYLLAN,"100,0","100,0",423,365
021701,ÁNCASH,RECUAY,RECUAY,"100,0","96,8",483,483
021702,ÁNCASH,RECUAY,CATAC,"100,0","98,4",501,500
021703,ÁNCASH,RECUAY,COTAPARACO,"100,0","100,0",426,408
021707,ÁNCASH,RECUAY,PAMPAS CHICO,"100,0","100,0",481,530
021708,ÁNCASH,RECUAY,PARARIN,"100,0","100,0",456,432
021710,ÁNCASH,RECUAY,TICAPAMPA,"100,0","100,0",512,505
021801,ÁNCASH,SANTA,CHIMBOTE,"100,0","94,9",489,467
021802,ÁNCASH,SANTA,CACERES DEL PERU,"100,0","95,2",453,407
021803,ÁNCASH,SANTA,COISHCO,"100,0","94,8",469,460
021804,ÁNCASH,SANTA,MACATE,"100,0","100,0",435,406
021805,ÁNCASH,SANTA,MORO,"100,0","98,0",456,424
021806,ÁNCASH,SANTA,NEPEÑA,"100,0","96,7",466,449
021807,ÁNCASH,SANTA,SAMANCO,"100,0","96,4",488,504
021808,ÁNCASH,SANTA,SANTA,"100,0","96,4",481,459
021809,ÁNCASH,SANTA,NUEVO CHIMBOTE,"100,0","96,0",498,482
021901,ÁNCASH,SIHUAS,SIHUAS,"100,0","96,3",462,430
021902,ÁNCASH,SIHUAS,ACOBAMBA,"100,0","96,8",470,497
021904,ÁNCASH,SIHUAS,CASHAPAMPA,"100,0","100,0",457,443
021905,ÁNCASH,SIHUAS,CHINGALPO,"100,0","100,0",492,457
021906,ÁNCASH,SIHUAS,HUAYLLABAMBA,"100,0","96,9",430,398
021907,ÁNCASH,SIHUAS,QUICHES,"100,0","100,0",407,375
021908,ÁNCASH,SIHUAS,RAGASH,"100,0","95,5",428,402
022001,ÁNCASH,YUNGAY,YUNGAY,"100,0","96,6",467,443
022003,ÁNCASH,YUNGAY,MANCOS,"100,0","100,0",453,406
022005,ÁNCASH,YUNGAY,QUILLO,"100,0","97,3",429,386
022006,ÁNCASH,YUNGAY,RANRAHIRCA,"100,0","100,0",475,414
022008,ÁNCASH,YUNGAY,YANAMA,"100,0","97,8",483,478
030101,APURÍMAC,ABANCAY,ABANCAY,"100,0","97,8",515,517
030102,APURÍMAC,ABANCAY,CHACOCHE,"100,0","97,0",470,440
030103,APURÍMAC,ABANCAY,CIRCA,"100,0","100,0",517,561
030104,APURÍMAC,ABANCAY,CURAHUASI,"100,0","99,6",472,457
030105,APURÍMAC,ABANCAY,HUANIPACA,"100,0","100,0",494,518
030108,APURÍMAC,ABANCAY,SAN PEDRO DE CACHORA,"100,0","95,2",487,480
030109,APURÍMAC,ABANCAY,TAMBURCO,"100,0","96,9",492,490
030201,APURÍMAC,ANDAHUAYLAS,ANDAHUAYLAS,"100,0","99,2",500,495
030204,APURÍMAC,ANDAHUAYLAS,HUANCARAMA,"100,0","100,0",481,504
030207,APURÍMAC,ANDAHUAYLAS,KISHUARA,"100,0","100,0",397,377
030208,APURÍMAC,ANDAHUAYLAS,PACOBAMBA,"100,0","100,0",457,576
030209,APURÍMAC,ANDAHUAYLAS,PACUCHA,"100,0","97,8",464,446
030210,APURÍMAC,ANDAHUAYLAS,PAMPACHIRI,"100,0","90,9",495,493
030211,APURÍMAC,ANDAHUAYLAS,POMACOCHA,"100,0","100,0",491,496
030213,APURÍMAC,ANDAHUAYLAS,SAN JERONIMO,"100,0","99,2",493,493
030214,APURÍMAC,ANDAHUAYLAS,SAN MIGUEL DE CHACCRAMPA,"100,0","100,0",419,385
030215,APURÍMAC,ANDAHUAYLAS,SANTA MARIA DE CHICMO,"100,0","99,0",447,417
030216,APURÍMAC,ANDAHUAYLAS,TALAVERA,"100,0","99,1",485,475
030220,APURÍMAC,ANDAHUAYLAS,JOSE MARIA ARGUEDAS,"100,0","100,0",440,420
030301,APURÍMAC,ANTABAMBA,ANTABAMBA,"100,0","100,0",461,447
030302,APURÍMAC,ANTABAMBA,EL ORO,"100,0","100,0",474,476
030303,APURÍMAC,ANTABAMBA,HUAQUIRCA,"100,0","100,0",431,394
030304,APURÍMAC,ANTABAMBA,JUAN ESPINOZA MEDRANO,"100,0","95,5",475,477
030305,APURÍMAC,ANTABAMBA,OROPESA,"100,0","100,0",410,375
030306,APURÍMAC,ANTABAMBA,PACHACONAS,"100,0","93,8",535,508
030307,APURÍMAC,ANTABAMBA,SABAINO,"100,0","93,8",471,457
030401,APURÍMAC,AYMARAES,CHALHUANCA,"100,0","98,9",501,515
030403,APURÍMAC,AYMARAES,CARAYBAMBA,"100,0","90,0",495,474
030404,APURÍMAC,AYMARAES,CHAPIMARCA,"100,0","100,0",457,445
030405,APURÍMAC,AYMARAES,COLCABAMBA,"100,0","100,0",410,376
030406,APURÍMAC,AYMARAES,COTARUSE,"100,0","91,7",455,470
030411,APURÍMAC,AYMARAES,SAN JUAN DE CHACÑA,"100,0","100,0",467,466
030412,APURÍMAC,AYMARAES,SAÑAYCA,"100,0","100,0",399,370
030413,APURÍMAC,AYMARAES,SORAYA,"100,0","100,0",453,446
030414,APURÍMAC,AYMARAES,TAPAIRIHUA,"100,0","100,0",448,409
030415,APURÍMAC,AYMARAES,TINTAY,"100,0","100,0",480,529
030416,APURÍMAC,AYMARAES,TORAYA,"100,0","100,0",490,460
030417,APURÍMAC,AYMARAES,YANACA,"100,0","100,0",477,520
030501,APURÍMAC,COTABAMBAS,TAMBOBAMBA,"100,0","97,6",483,473
030502,APURÍMAC,COTABAMBAS,COTABAMBAS,"100,0","100,0",528,466
030503,APURÍMAC,COTABAMBAS,COYLLURQUI,"100,0","100,0",450,443
030504,APURÍMAC,COTABAMBAS,HAQUIRA,"100,0","100,0",484,481
030505,APURÍMAC,COTABAMBAS,MARA,"100,0","97,2",484,499
030506,APURÍMAC,COTABAMBAS,CHALLHUAHUACHO,"100,0","93,4",491,485
030601,APURÍMAC,CHINCHEROS,CHINCHEROS,"100,0","97,8",474,456
030602,APURÍMAC,CHINCHEROS,ANCO_HUALLO,"100,0","98,7",465,456
030603,APURÍMAC,CHINCHEROS,COCHARCAS,"100,0","100,0",432,417
030604,APURÍMAC,CHINCHEROS,HUACCANA,"100,0","100,0",452,427
030605,APURÍMAC,CHINCHEROS,OCOBAMBA,"100,0","98,1",478,472
030606,APURÍMAC,CHINCHEROS,ONGOY,"100,0","100,0",417,383
030607,APURÍMAC,CHINCHEROS,URANMARCA,"100,0","97,4",457,412
030608,APURÍMAC,CHINCHEROS,RANRACANCHA,"100,0","100,0",502,471
030701,APURÍMAC,GRAU,CHUQUIBAMBILLA,"100,0","97,5",481,467
030708,APURÍMAC,GRAU,PROGRESO,"100,0","100,0",467,449
030709,APURÍMAC,GRAU,SAN ANTONIO,"100,0","100,0",429,424
030710,APURÍMAC,GRAU,SANTA ROSA,"100,0","100,0",478,457
030712,APURÍMAC,GRAU,VILCABAMBA,"100,0","100,0",470,443
030713,APURÍMAC,GRAU,VIRUNDO,"100,0","100,0",479,470
040101,AREQUIPA,AREQUIPA,AREQUIPA,"100,0","97,6",534,527
040102,AREQUIPA,AREQUIPA,ALTO SELVA ALEGRE,"100,0","96,9",512,501
040103,AREQUIPA,AREQUIPA,CAYMA,"100,0","97,3",515,506
040104,AREQUIPA,AREQUIPA,CERRO COLORADO,"100,0","97,4",513,506
040105,AREQUIPA,AREQUIPA,CHARACATO,"100,0","95,5",510,492
040106,AREQUIPA,AREQUIPA,CHIGUATA,"100,0","97,3",477,448
040107,AREQUIPA,AREQUIPA,JACOBO HUNTER,"100,0","96,6",519,505
040108,AREQUIPA,AREQUIPA,LA JOYA,"100,0","98,0",482,466
040109,AREQUIPA,AREQUIPA,MARIANO MELGAR,"100,0","97,8",513,505
040110,AREQUIPA,AREQUIPA,MIRAFLORES,"100,0","96,9",522,513
040111,AREQUIPA,AREQUIPA,MOLLEBAYA,"100,0","87,5",482,446
040112,AREQUIPA,AREQUIPA,PAUCARPATA,"100,0","97,5",516,509
040114,AREQUIPA,AREQUIPA,POLOBAYA,"100,0","100,0",444,434
040115,AREQUIPA,AREQUIPA,QUEQUEÑA,"100,0","100,0",492,464
040116,AREQUIPA,AREQUIPA,SABANDIA,"100,0","82,4",470,454
040117,AREQUIPA,AREQUIPA,SACHACA,"100,0","97,5",521,513
040118,AREQUIPA,AREQUIPA,SAN JUAN DE SIGUAS,"100,0","96,0",474,443
040119,AREQUIPA,AREQUIPA,SAN JUAN DE TARUCANI,"100,0","100,0",494,464
040120,AREQUIPA,AREQUIPA,SANTA ISABEL DE SIGUAS,"100,0","100,0",501,440
040121,AREQUIPA,AREQUIPA,SANTA RITA DE SIGUAS,"100,0","100,0",498,494
040122,AREQUIPA,AREQUIPA,SOCABAYA,"100,0","97,8",513,508
040123,AREQUIPA,AREQUIPA,TIABAYA,"100,0","97,2",512,504
040124,AREQUIPA,AREQUIPA,UCHUMAYO,"100,0","98,3",514,494
040125,AREQUIPA,AREQUIPA,VITOR,"100,0","96,2",468,462
040126,AREQUIPA,AREQUIPA,YANAHUARA,"100,0","98,3",544,544
040127,AREQUIPA,AREQUIPA,YARABAMBA,"100,0","97,7",502,492
040128,AREQUIPA,AREQUIPA,YURA,"100,0","97,7",496,489
040129,AREQUIPA,AREQUIPA,JOSE LUIS BUSTAMANTE Y RIVERO,"100,0","96,9",526,523
040201,AREQUIPA,CAMANÁ,CAMANA,"100,0","98,0",514,497
040202,AREQUIPA,CAMANÁ,JOSE MARIA QUIMPER,"100,0","96,8",482,488
040203,AREQUIPA,CAMANÁ,MARIANO NICOLAS VALCARCEL,"100,0","89,1",477,460
040204,AREQUIPA,CAMANÁ,MARISCAL CACERES,"100,0","98,9",469,461
040205,AREQUIPA,CAMANÁ,NICOLAS DE PIEROLA,"100,0","97,1",505,477
040206,AREQUIPA,CAMANÁ,OCOÑA,"100,0","95,2",498,491
040207,AREQUIPA,CAMANÁ,QUILCA,"100,0","96,2",518,534
040208,AREQUIPA,CAMANÁ,SAMUEL PASTOR,"100,0","96,4",496,490
040301,AREQUIPA,CARAVELÍ,CARAVELI,"100,0","96,5",463,454
040302,AREQUIPA,CARAVELÍ,ACARI,"100,0","99,1",508,508
040303,AREQUIPA,CARAVELÍ,ATICO,"100,0","95,7",487,467
040304,AREQUIPA,CARAVELÍ,ATIQUIPA,"100,0","100,0",450,415
040305,AREQUIPA,CARAVELÍ,BELLA UNION,"100,0","96,7",455,443
040306,AREQUIPA,CARAVELÍ,CAHUACHO,"100,0","100,0",419,382
040307,AREQUIPA,CARAVELÍ,CHALA,"100,0","96,1",479,470
040308,AREQUIPA,CARAVELÍ,CHAPARRA,"100,0","97,9",515,500
040309,AREQUIPA,CARAVELÍ,HUANUHUANU,"100,0","97,3",491,468
040310,AREQUIPA,CARAVELÍ,JAQUI,"100,0","100,0",493,490
040311,AREQUIPA,CARAVELÍ,LOMAS,"100,0","100,0",489,499
040312,AREQUIPA,CARAVELÍ,QUICACHA,"100,0","100,0",495,502
040313,AREQUIPA,CARAVELÍ,YAUCA,"100,0","90,5",502,496
040401,AREQUIPA,CASTILLA,APLAO,"100,0","98,6",506,499
040402,AREQUIPA,CASTILLA,ANDAGUA,"100,0","94,4",479,446
040404,AREQUIPA,CASTILLA,CHACHAS,"100,0","94,1",486,469
040405,AREQUIPA,CASTILLA,CHILCAYMARCA,"100,0","100,0",492,458
040407,AREQUIPA,CASTILLA,HUANCARQUI,"100,0","100,0",501,416
040409,AREQUIPA,CASTILLA,ORCOPAMPA,"100,0","99,1",508,508
040410,AREQUIPA,CASTILLA,PAMPACOLCA,"100,0","97,1",489,463
040411,AREQUIPA,CASTILLA,TIPÁN,"100,0","100,0",597,601
040413,AREQUIPA,CASTILLA,URACA,"100,0","99,1",486,482
040414,AREQUIPA,CASTILLA,VIRACO,"100,0","95,7",551,540
040501,AREQUIPA,CAYLLOMA,CHIVAY,"100,0","95,6",500,486
040502,AREQUIPA,CAYLLOMA,ACHOMA,"100,0","100,0",518,506
040503,AREQUIPA,CAYLLOMA,CABANACONDE,"100,0","100,0",510,498
040504,AREQUIPA,CAYLLOMA,CALLALLI,"100,0","100,0",482,469
040505,AREQUIPA,CAYLLOMA,CAYLLOMA,"100,0","93,0",478,475
040506,AREQUIPA,CAYLLOMA,COPORAQUE,"100,0","100,0",474,467
040507,AREQUIPA,CAYLLOMA,HUAMBO,"100,0","100,0",539,511
040508,AREQUIPA,CAYLLOMA,HUANCA,"100,0","100,0",489,455
040510,AREQUIPA,CAYLLOMA,LARI,"100,0","100,0",542,544
040511,AREQUIPA,CAYLLOMA,LLUTA,"100,0","100,0",512,536
040512,AREQUIPA,CAYLLOMA,MACA,"100,0","100,0",490,487
040514,AREQUIPA,CAYLLOMA,SAN ANTONIO DE CHUCA,"100,0","100,0",511,527
040515,AREQUIPA,CAYLLOMA,SIBAYO,"100,0","100,0",533,542
040517,AREQUIPA,CAYLLOMA,TISCO,"100,0","80,0",548,550
040518,AREQUIPA,CAYLLOMA,TUTI,"100,0","100,0",497,553
040519,AREQUIPA,CAYLLOMA,YANQUE,"100,0","100,0",510,520
040520,AREQUIPA,CAYLLOMA,MAJES,"100,0","98,1",492,482
040601,AREQUIPA,CONDESUYOS,CHUQUIBAMBA,"100,0","95,5",492,493
040603,AREQUIPA,CONDESUYOS,CAYARANI,"100,0","100,0",457,421
040605,AREQUIPA,CONDESUYOS,IRAY,"100,0","100,0",517,513
040606,AREQUIPA,CONDESUYOS,RIO GRANDE,"100,0","96,9",516,506
040608,AREQUIPA,CONDESUYOS,YANAQUIHUA,"100,0","98,2",510,519
040701,AREQUIPA,ISLAY,MOLLENDO,"100,0","97,9",507,499
040702,AREQUIPA,ISLAY,COCACHACRA,"100,0","94,9",486,479
040703,AREQUIPA,ISLAY,DEAN VALDIVIA,"100,0","97,9",485,483
040704,AREQUIPA,ISLAY,ISLAY,"100,0","90,0",519,521
040705,AREQUIPA,ISLAY,MEJIA,"100,0","100,0",533,512
040706,AREQUIPA,ISLAY,PUNTA DE BOMBON,"100,0","95,5",475,466
040801,AREQUIPA,LA UNIÓN,COTAHUASI,"100,0","100,0",470,465
040802,AREQUIPA,LA UNIÓN,ALCA,"100,0","100,0",548,568
040803,AREQUIPA,LA UNIÓN,CHARCANA,"100,0","100,0",446,411
040804,AREQUIPA,LA UNIÓN,HUAYNACOTAS,"100,0","94,1",448,433
050101,AYACUCHO,HUAMANGA,AYACUCHO,"98,5","92,6",513,507
050102,AYACUCHO,HUAMANGA,ACOCRO,"100,0","100,0",364,315
050103,AYACUCHO,HUAMANGA,ACOS VINCHOS,"100,0","97,3",439,404
050104,AYACUCHO,HUAMANGA,CARMEN ALTO,"100,0","99,1",490,479
050105,AYACUCHO,HUAMANGA,CHIARA,"100,0","95,7",444,431
050106,AYACUCHO,HUAMANGA,OCROS,"100,0","93,9",437,423
050107,AYACUCHO,HUAMANGA,PACAYCASA,"100,0","100,0",486,476
050108,AYACUCHO,HUAMANGA,QUINUA,"100,0","100,0",463,472
050109,AYACUCHO,HUAMANGA,SAN JOSE DE TICLLAS,"100,0","95,2",430,423
050110,AYACUCHO,HUAMANGA,SAN JUAN BAUTISTA,"100,0","98,3",495,486
050111,AYACUCHO,HUAMANGA,SANTIAGO DE PISCHA,"100,0","100,0",490,525
050112,AYACUCHO,HUAMANGA,SOCOS,"100,0","100,0",423,434
050113,AYACUCHO,HUAMANGA,TAMBILLO,"100,0","100,0",459,440
050115,AYACUCHO,HUAMANGA,JESUS NAZARENO,"100,0","99,6",502,498
050116,AYACUCHO,HUAMANGA,ANDRES AVELINO CACERES DORREGARAY,"80,0","70,3",-,-
050201,AYACUCHO,CANGALLO,CANGALLO,"100,0","100,0",493,506
050202,AYACUCHO,CANGALLO,CHUSCHI,"100,0","100,0",496,486
050203,AYACUCHO,CANGALLO,LOS MOROCHUCOS,"100,0","100,0",447,438
050205,AYACUCHO,CANGALLO,PARAS,"100,0","100,0",404,367
050206,AYACUCHO,CANGALLO,TOTOS,"100,0","100,0",443,390
050301,AYACUCHO,HUANCA SANCOS,SANCOS,"100,0","98,5",472,452
050303,AYACUCHO,HUANCA SANCOS,SACSAMARCA,"100,0","100,0",474,452
050401,AYACUCHO,HUANTA,HUANTA,"100,0","99,0",483,482
050402,AYACUCHO,HUANTA,AYAHUANCO,"100,0","95,5",446,406
050403,AYACUCHO,HUANTA,HUAMANGUILLA,"100,0","98,0",473,484
050404,AYACUCHO,HUANTA,IGUAIN,"100,0","100,0",432,425
050405,AYACUCHO,HUANTA,LURICOCHA,"100,0","100,0",477,471
050406,AYACUCHO,HUANTA,SANTILLANA,"100,0","100,0",434,452
050407,AYACUCHO,HUANTA,SIVIA,"100,0","95,2",453,453
050408,AYACUCHO,HUANTA,LLOCHEGUA,"100,0","97,2",447,432
050409,AYACUCHO,HUANTA,CANAYRE,"100,0","96,0",456,459
050501,AYACUCHO,LA MAR,SAN MIGUEL,"100,0","99,2",487,471
050502,AYACUCHO,LA MAR,ANCO,"100,0","100,0",488,491
050503,AYACUCHO,LA MAR,AYNA,"100,0","97,7",465,459
050506,AYACUCHO,LA MAR,LUIS CARRANZA,"100,0","100,0",387,334
050507,AYACUCHO,LA MAR,SANTA ROSA,"100,0","99,3",463,454
050508,AYACUCHO,LA MAR,TAMBO,"100,0","97,4",470,453
050509,AYACUCHO,LA MAR,SAMUGARI,"100,0","97,7",452,452
050512,AYACUCHO,LA MAR,UNIÓN PROGRESO,"100,0","100,0",463,471
050513,AYACUCHO,LA MAR,RÍO MAGDALENA,"100,0","100,0",461,442
050515,AYACUCHO,LA MAR,PATIBAMBA,"100,0","100,0",503,507
050601,AYACUCHO,LUCANAS,PUQUIO,"100,0","98,0",498,509
050602,AYACUCHO,LUCANAS,AUCARA,"100,0","94,4",519,498
050603,AYACUCHO,LUCANAS,CABANA,"100,0","94,1",492,474
050604,AYACUCHO,LUCANAS,CARMEN SALCEDO,"100,0","100,0",502,542
050605,AYACUCHO,LUCANAS,CHAVIÑA,"100,0","97,1",530,489
050606,AYACUCHO,LUCANAS,CHIPAO,"100,0","100,0",445,423
050608,AYACUCHO,LUCANAS,LARAMATE,"100,0","88,9",452,423
050609,AYACUCHO,LUCANAS,LEONCIO PRADO,"100,0","100,0",546,584
050611,AYACUCHO,LUCANAS,LUCANAS,"100,0","100,0",511,524
050612,AYACUCHO,LUCANAS,OCAÑA,"100,0","100,0",450,405
050613,AYACUCHO,LUCANAS,OTOCA,"100,0","94,4",513,527
050614,AYACUCHO,LUCANAS,SAISA,"100,0","100,0",557,530
050615,AYACUCHO,LUCANAS,SAN CRISTOBAL,"100,0","96,3",466,469
050617,AYACUCHO,LUCANAS,SAN PEDRO,"100,0","91,7",465,450
050619,AYACUCHO,LUCANAS,SANCOS,"100,0","100,0",515,537
050620,AYACUCHO,LUCANAS,SANTA ANA DE HUAYCAHUACHO,"100,0","100,0",512,463
050621,AYACUCHO,LUCANAS,SANTA LUCIA,"100,0","100,0",521,556
050701,AYACUCHO,PARINACOCHAS,CORACORA,"100,0","99,1",498,500
050702,AYACUCHO,PARINACOCHAS,CHUMPI,"100,0","100,0",461,415
050704,AYACUCHO,PARINACOCHAS,PACAPAUSA,"100,0","100,0",534,550
050705,AYACUCHO,PARINACOCHAS,PULLO,"100,0","98,6",486,485
050706,AYACUCHO,PARINACOCHAS,PUYUSCA,"100,0","100,0",459,437
050708,AYACUCHO,PARINACOCHAS,UPAHUACHO,"100,0","100,0",403,358
050801,AYACUCHO,PÁUCAR DEL SARA SARA,PAUSA,"100,0","93,9",491,500
050803,AYACUCHO,PÁUCAR DEL SARA SARA,CORCULLA,"100,0","100,0",456,479
050804,AYACUCHO,PÁUCAR DEL SARA SARA,LAMPA,"100,0","100,0",490,508
050805,AYACUCHO,PÁUCAR DEL SARA SARA,MARCABAMBA,"100,0","100,0",557,575
050806,AYACUCHO,PÁUCAR DEL SARA SARA,OYOLO,"100,0","86,7",477,449
050807,AYACUCHO,PÁUCAR DEL SARA SARA,PARARCA,"100,0","100,0",500,494
050901,AYACUCHO,SUCRE,QUEROBAMBA,"100,0","100,0",517,508
050903,AYACUCHO,SUCRE,CHALCOS,"100,0","100,0",443,449
050905,AYACUCHO,SUCRE,HUACAÑA,"100,0","100,0",530,619
050906,AYACUCHO,SUCRE,MORCOLLA,"100,0","100,0",405,364
050907,AYACUCHO,SUCRE,PAICO,"100,0","100,0",442,420
050908,AYACUCHO,SUCRE,SAN PEDRO DE LARCAY,"100,0","100,0",461,486
050910,AYACUCHO,SUCRE,SANTIAGO DE PAUCARAY,"100,0","100,0",492,507
050911,AYACUCHO,SUCRE,SORAS,"100,0","100,0",465,452
051001,AYACUCHO,VÍCTOR FAJARDO,HUANCAPI,"100,0","100,0",500,514
051002,AYACUCHO,VÍCTOR FAJARDO,ALCAMENCA,"100,0","100,0",418,433
051003,AYACUCHO,VÍCTOR FAJARDO,APONGO,"100,0","100,0",490,513
051005,AYACUCHO,VÍCTOR FAJARDO,CANARIA,"100,0","97,5",514,501
051006,AYACUCHO,VÍCTOR FAJARDO,CAYARA,"100,0","100,0",491,552
051007,AYACUCHO,VÍCTOR FAJARDO,COLCA,"100,0","100,0",459,425
051008,AYACUCHO,VÍCTOR FAJARDO,HUAMANQUIQUIA,"100,0","100,0",474,456
051009,AYACUCHO,VÍCTOR FAJARDO,HUANCARAYLLA,"100,0","100,0",528,531
051010,AYACUCHO,VÍCTOR FAJARDO,HUAYA,"100,0","100,0",462,443
051012,AYACUCHO,VÍCTOR FAJARDO,VILCANCHOS,"100,0","100,0",459,427
051101,AYACUCHO,VILCASHUAMÁN,VILCAS HUAMAN,"100,0","98,7",461,450
051102,AYACUCHO,VILCASHUAMÁN,ACCOMARCA,"100,0","100,0",427,435
051103,AYACUCHO,VILCASHUAMÁN,CARHUANCA,"100,0","100,0",535,491
051105,AYACUCHO,VILCASHUAMÁN,HUAMBALPA,"100,0","100,0",444,460
051108,AYACUCHO,VILCASHUAMÁN,VISCHONGO,"100,0","100,0",436,438
060101,CAJAMARCA,CAJAMARCA,CAJAMARCA,"100,0","97,5",499,480
060102,CAJAMARCA,CAJAMARCA,ASUNCION,"100,0","99,1",460,444
060103,CAJAMARCA,CAJAMARCA,CHETILLA,"100,0","91,2",400,374
060104,CAJAMARCA,CAJAMARCA,COSPAN,"100,0","97,4",412,379
060105,CAJAMARCA,CAJAMARCA,ENCAÑADA,"100,0","98,2",432,404
060106,CAJAMARCA,CAJAMARCA,JESUS,"100,0","97,7",436,404
060107,CAJAMARCA,CAJAMARCA,LLACANORA,"100,0","100,0",459,434
060108,CAJAMARCA,CAJAMARCA,LOS BAÑOS DEL INCA,"100,0","97,6",470,451
060109,CAJAMARCA,CAJAMARCA,MAGDALENA,"100,0","98,0",448,433
060110,CAJAMARCA,CAJAMARCA,MATARA,"100,0","100,0",443,410
060111,CAJAMARCA,CAJAMARCA,NAMORA,"100,0","97,8",426,411
060112,CAJAMARCA,CAJAMARCA,SAN JUAN,"100,0","94,2",423,409
060201,CAJAMARCA,CAJABAMBA,CAJABAMBA,"100,0","98,8",484,473
060202,CAJAMARCA,CAJABAMBA,CACHACHI,"100,0","97,7",417,384
060203,CAJAMARCA,CAJABAMBA,CONDEBAMBA,"100,0","96,8",447,422
060204,CAJAMARCA,CAJABAMBA,SITACOCHA,"100,0","99,5",421,385
060301,CAJAMARCA,CELENDÍN,CELENDIN,"100,0","96,9",493,489
060302,CAJAMARCA,CELENDÍN,CHUMUCH,"100,0","96,0",426,417
060303,CAJAMARCA,CELENDÍN,CORTEGANA,"100,0","96,3",435,424
060304,CAJAMARCA,CELENDÍN,HUASMIN,"100,0","95,2",435,413
060305,CAJAMARCA,CELENDÍN,JORGE CHÁVEZ,"100,0","100,0",476,419
060306,CAJAMARCA,CELENDÍN,JOSE GALVEZ,"100,0","93,5",478,435
060307,CAJAMARCA,CELENDÍN,MIGUEL IGLESIAS,"100,0","97,8",409,375
060308,CAJAMARCA,CELENDÍN,OXAMARCA,"100,0","97,9",431,390
060309,CAJAMARCA,CELENDÍN,SOROCHUCO,"100,0","97,9",449,423
060310,CAJAMARCA,CELENDÍN,SUCRE,"100,0","97,0",461,448
060311,CAJAMARCA,CELENDÍN,UTCO,"100,0","100,0",515,492
060312,CAJAMARCA,CELENDÍN,LA LIBERTAD DE PALLAN,"100,0","98,0",425,392
060401,CAJAMARCA,CHOTA,CHOTA,"100,0","97,0",475,472
060402,CAJAMARCA,CHOTA,ANGUIA,"100,0","100,0",435,401
060403,CAJAMARCA,CHOTA,CHADIN,"100,0","97,4",457,488
060404,CAJAMARCA,CHOTA,CHIGUIRIP,"100,0","100,0",442,435
060405,CAJAMARCA,CHOTA,CHIMBAN,"100,0","94,1",427,409
060406,CAJAMARCA,CHOTA,CHOROPAMPA,"100,0","100,0",482,477
060407,CAJAMARCA,CHOTA,COCHABAMBA,"100,0","100,0",472,487
060408,CAJAMARCA,CHOTA,CONCHAN,"100,0","100,0",447,455
060409,CAJAMARCA,CHOTA,HUAMBOS,"100,0","95,6",463,460
060410,CAJAMARCA,CHOTA,LAJAS,"100,0","98,5",442,433
060411,CAJAMARCA,CHOTA,LLAMA,"100,0","93,8",479,438
060412,CAJAMARCA,CHOTA,MIRACOSTA,"100,0","86,7",428,385
060413,CAJAMARCA,CHOTA,PACCHA,"100,0","96,6",480,482
060415,CAJAMARCA,CHOTA,QUEROCOTO,"100,0","96,6",449,425
060416,CAJAMARCA,CHOTA,SAN JUAN DE LICUPIS,"100,0","100,0",410,419
060417,CAJAMARCA,CHOTA,TACABAMBA,"100,0","96,5",450,429
060419,CAJAMARCA,CHOTA,CHALAMARCA,"100,0","99,3",449,439
060501,CAJAMARCA,CONTUMAZÁ,CONTUMAZA,"100,0","98,2",448,424
060502,CAJAMARCA,CONTUMAZÁ,CHILETE,"100,0","96,0",461,411
060503,CAJAMARCA,CONTUMAZÁ,CUPISNIQUE,"100,0","93,8",440,433
060504,CAJAMARCA,CONTUMAZÁ,GUZMANGO,"100,0","81,8",331,276
060505,CAJAMARCA,CONTUMAZÁ,SAN BENITO,"100,0","94,8",448,419
060507,CAJAMARCA,CONTUMAZÁ,TANTARICA,"100,0","100,0",445,455
060508,CAJAMARCA,CONTUMAZÁ,YONAN,"100,0","97,4",478,468
060601,CAJAMARCA,CUTERVO,CUTERVO,"100,0","97,4",475,459
060602,CAJAMARCA,CUTERVO,CALLAYUC,"100,0","95,9",426,404
060603,CAJAMARCA,CUTERVO,CHOROS,"100,0","97,1",469,445
060604,CAJAMARCA,CUTERVO,CUJILLO,"100,0","100,0",463,456
060605,CAJAMARCA,CUTERVO,LA RAMADA,"100,0","97,1",455,440
060606,CAJAMARCA,CUTERVO,PIMPINGOS,"100,0","100,0",437,434
060607,CAJAMARCA,CUTERVO,QUEROCOTILLO,"100,0","95,4",443,422
060608,CAJAMARCA,CUTERVO,SAN ANDRES DE CUTERVO,"100,0","96,8",463,446
060609,CAJAMARCA,CUTERVO,SAN JUAN DE CUTERVO,"100,0","97,0",420,410
060610,CAJAMARCA,CUTERVO,SAN LUIS DE LUCMA,"100,0","100,0",471,471
060611,CAJAMARCA,CUTERVO,SANTA CRUZ,"100,0","100,0",426,417
060612,CAJAMARCA,CUTERVO,SANTO DOMINGO DE LA CAPILLA,"100,0","98,4",465,452
060613,CAJAMARCA,CUTERVO,SANTO TOMAS,"100,0","98,1",457,450
060614,CAJAMARCA,CUTERVO,SOCOTA,"100,0","99,1",458,433
060615,CAJAMARCA,CUTERVO,TORIBIO CASANOVA,"100,0","100,0",502,442
060701,CAJAMARCA,HUALGAYOC,BAMBAMARCA,"100,0","97,6",468,462
060702,CAJAMARCA,HUALGAYOC,CHUGUR,"100,0","98,1",442,422
060703,CAJAMARCA,HUALGAYOC,HUALGAYOC,"100,0","98,9",449,447
060801,CAJAMARCA,JAÉN,JAEN,"100,0","97,3",487,464
060802,CAJAMARCA,JAÉN,BELLAVISTA,"100,0","95,5",463,425
060803,CAJAMARCA,JAÉN,CHONTALI,"100,0","94,3",462,432
060804,CAJAMARCA,JAÉN,COLASAY,"100,0","94,6",458,428
060805,CAJAMARCA,JAÉN,HUABAL,"100,0","98,4",443,394
060806,CAJAMARCA,JAÉN,LAS PIRIAS,"100,0","97,0",448,415
060807,CAJAMARCA,JAÉN,POMAHUACA,"100,0","96,7",441,403
060808,CAJAMARCA,JAÉN,PUCARA,"100,0","96,8",463,436
060809,CAJAMARCA,JAÉN,SALLIQUE,"100,0","97,5",425,382
060810,CAJAMARCA,JAÉN,SAN FELIPE,"100,0","98,5",445,395
060811,CAJAMARCA,JAÉN,SAN JOSE DEL ALTO,"100,0","94,4",431,396
060812,CAJAMARCA,JAÉN,SANTA ROSA,"100,0","95,0",457,435
060901,CAJAMARCA,SAN IGNACIO,SAN IGNACIO,"100,0","97,7",464,429
060902,CAJAMARCA,SAN IGNACIO,CHIRINOS,"100,0","98,3",467,441
060903,CAJAMARCA,SAN IGNACIO,HUARANGO,"100,0","97,1",451,426
060904,CAJAMARCA,SAN IGNACIO,LA COIPA,"100,0","96,8",449,410
060905,CAJAMARCA,SAN IGNACIO,NAMBALLE,"100,0","96,8",434,404
060906,CAJAMARCA,SAN IGNACIO,SAN JOSE DE LOURDES,"100,0","97,8",446,427
060907,CAJAMARCA,SAN IGNACIO,TABACONAS,"100,0","97,6",447,414
061001,CAJAMARCA,SAN MARCOS,PEDRO GALVEZ,"100,0","98,1",469,441
061002,CAJAMARCA,SAN MARCOS,CHANCAY,"100,0","100,0",454,432
061003,CAJAMARCA,SAN MARCOS,EDUARDO VILLANUEVA,"100,0","95,5",448,434
061004,CAJAMARCA,SAN MARCOS,GREGORIO PITA,"100,0","97,7",442,422
061005,CAJAMARCA,SAN MARCOS,ICHOCAN,"100,0","100,0",472,473
061006,CAJAMARCA,SAN MARCOS,JOSE MANUEL QUIROZ,"100,0","95,8",455,447
061007,CAJAMARCA,SAN MARCOS,JOSE SABOGAL,"100,0","96,0",412,383
061101,CAJAMARCA,SAN MIGUEL,SAN MIGUEL,"100,0","98,2",466,438
061102,CAJAMARCA,SAN MIGUEL,BOLIVAR,"100,0","90,9",525,467
061103,CAJAMARCA,SAN MIGUEL,CALQUIS,"100,0","96,9",422,409
061104,CAJAMARCA,SAN MIGUEL,CATILLUC,"100,0","100,0",443,450
061105,CAJAMARCA,SAN MIGUEL,EL PRADO,"100,0","98,0",468,462
061106,CAJAMARCA,SAN MIGUEL,LA FLORIDA,"100,0","100,0",442,423
061107,CAJAMARCA,SAN MIGUEL,LLAPA,"100,0","90,9",470,472
061108,CAJAMARCA,SAN MIGUEL,NANCHOC,"100,0","81,8",488,462
061109,CAJAMARCA,SAN MIGUEL,NIEPOS,"100,0","94,4",475,460
061110,CAJAMARCA,SAN MIGUEL,SAN GREGORIO,"100,0","100,0",475,483
061111,CAJAMARCA,SAN MIGUEL,SAN SILVESTRE DE COCHAN,"100,0","100,0",451,442
061112,CAJAMARCA,SAN MIGUEL,TONGOD,"100,0","100,0",469,461
061113,CAJAMARCA,SAN MIGUEL,UNION AGUA BLANCA,"100,0","95,8",448,403
061201,CAJAMARCA,SAN PABLO,SAN PABLO,"100,0","98,9",453,442
061202,CAJAMARCA,SAN PABLO,SAN BERNARDINO,"100,0","95,9",427,422
061203,CAJAMARCA,SAN PABLO,SAN LUIS,"100,0","100,0",437,406
061204,CAJAMARCA,SAN PABLO,TUMBADEN,"100,0","100,0",414,432
061301,CAJAMARCA,SANTA CRUZ,SANTA CRUZ,"100,0","100,0",474,455
061302,CAJAMARCA,SANTA CRUZ,ANDABAMBA,"100,0","100,0",456,454
061303,CAJAMARCA,SANTA CRUZ,CATACHE,"100,0","98,1",465,455
061304,CAJAMARCA,SANTA CRUZ,CHANCAYBAÑOS,"100,0","97,9",458,440
061305,CAJAMARCA,SANTA CRUZ,LA ESPERANZA,"100,0","100,0",443,410
061306,CAJAMARCA,SANTA CRUZ,NINABAMBA,"100,0","90,3",482,491
061307,CAJAMARCA,SANTA CRUZ,PULAN,"100,0","93,0",441,415
061308,CAJAMARCA,SANTA CRUZ,SAUCEPAMPA,"100,0","92,3",466,454
061310,CAJAMARCA,SANTA CRUZ,UTICYACU,"100,0","100,0",432,382
061311,CAJAMARCA,SANTA CRUZ,YAUYUCAN,"100,0","100,0",472,477
070101,CALLAO,CALLAO,CALLAO,"100,0","93,8",505,482
070102,CALLAO,CALLAO,BELLAVISTA,"100,0","94,6",515,493
070103,CALLAO,CALLAO,CARMEN DE LA LEGUA REYNOSO,"100,0","91,8",511,485
070104,CALLAO,CALLAO,LA PERLA,"100,0","94,0",499,479
070105,CALLAO,CALLAO,LA PUNTA,"100,0","98,9",510,469
070106,CALLAO,CALLAO,VENTANILLA,"100,0","95,3",506,484
070107,CALLAO,CALLAO,MI PERU,"100,0","94,3",501,481
080101,CUSCO,CUSCO,CUSCO,"100,0","98,5",521,514
080103,CUSCO,CUSCO,POROY,"100,0","98,9",479,455
080104,CUSCO,CUSCO,SAN JERONIMO,"100,0","98,3",514,505
080105,CUSCO,CUSCO,SAN SEBASTIAN,"100,0","98,0",514,504
080106,CUSCO,CUSCO,SANTIAGO,"100,0","98,5",515,507
080107,CUSCO,CUSCO,SAYLLA,"100,0","97,8",503,506
080108,CUSCO,CUSCO,WANCHAQ,"100,0","96,9",525,515
080201,CUSCO,ACOMAYO,ACOMAYO,"100,0","98,6",498,501
080202,CUSCO,ACOMAYO,ACOPIA,"100,0","100,0",523,537
080203,CUSCO,ACOMAYO,ACOS,"100,0","100,0",528,548
080205,CUSCO,ACOMAYO,POMACANCHI,"100,0","98,9",489,481
080207,CUSCO,ACOMAYO,SANGARARA,"100,0","100,0",486,500
080301,CUSCO,ANTA,ANTA,"100,0","99,2",506,501
080302,CUSCO,ANTA,ANCAHUASI,"100,0","98,7",473,462
080303,CUSCO,ANTA,CACHIMAYO,"100,0","97,4",523,506
080305,CUSCO,ANTA,HUAROCONDO,"100,0","98,0",438,419
080306,CUSCO,ANTA,LIMATAMBO,"100,0","98,0",510,485
080307,CUSCO,ANTA,MOLLEPATA,"100,0","100,0",515,511
080308,CUSCO,ANTA,PUCYURA,"100,0","98,0",471,447
080309,CUSCO,ANTA,ZURITE,"100,0","100,0",486,479
080401,CUSCO,CALCA,CALCA,"100,0","99,1",494,493
080402,CUSCO,CALCA,COYA,"100,0","100,0",504,488
080403,CUSCO,CALCA,LAMAY,"100,0","100,0",473,489
080405,CUSCO,CALCA,PISAC,"100,0","96,2",498,487
080406,CUSCO,CALCA,SAN SALVADOR,"100,0","100,0",485,496
080407,CUSCO,CALCA,TARAY,"100,0","100,0",500,516
080408,CUSCO,CALCA,YANATILE,"100,0","100,0",468,451
080501,CUSCO,CANAS,YANAOCA,"100,0","99,0",501,501
080502,CUSCO,CANAS,CHECCA,"100,0","100,0",438,423
080505,CUSCO,CANAS,LAYO,"100,0","100,0",466,501
080506,CUSCO,CANAS,PAMPAMARCA,"100,0","100,0",434,452
080507,CUSCO,CANAS,QUEHUE,"100,0","90,9",499,507
080601,CUSCO,CANCHIS,SICUANI,"100,0","99,0",515,532
080602,CUSCO,CANCHIS,CHECACUPE,"100,0","95,0",504,520
080603,CUSCO,CANCHIS,COMBAPATA,"100,0","100,0",483,501
080604,CUSCO,CANCHIS,MARANGANI,"100,0","100,0",471,456
080605,CUSCO,CANCHIS,PITUMARCA,"100,0","98,8",467,474
080606,CUSCO,CANCHIS,SAN PABLO,"100,0","100,0",447,442
080607,CUSCO,CANCHIS,SAN PEDRO,"100,0","100,0",457,463
080608,CUSCO,CANCHIS,TINTA,"100,0","100,0",495,521
080701,CUSCO,CHUMBIVILCAS,SANTO TOMAS,"100,0","98,9",492,497
080703,CUSCO,CHUMBIVILCAS,CHAMACA,"100,0","100,0",504,546
080704,CUSCO,CHUMBIVILCAS,COLQUEMARCA,"100,0","98,1",482,469
080705,CUSCO,CHUMBIVILCAS,LIVITACA,"100,0","96,8",506,515
080707,CUSCO,CHUMBIVILCAS,QUIÑOTA,"100,0","100,0",534,562
080708,CUSCO,CHUMBIVILCAS,VELILLE,"100,0","100,0",477,460
080801,CUSCO,ESPINAR,ESPINAR,"100,0","99,5",510,522
080803,CUSCO,ESPINAR,COPORAQUE,"100,0","97,9",496,490
080804,CUSCO,ESPINAR,OCORURO,"100,0","100,0",472,465
080805,CUSCO,ESPINAR,PALLPATA,"100,0","100,0",509,530
080806,CUSCO,ESPINAR,PICHIGUA,"100,0","100,0",451,427
080807,CUSCO,ESPINAR,SUYCKUTAMBO,"100,0","100,0",434,446
080808,CUSCO,ESPINAR,ALTO PICHIGUA,"100,0","100,0",507,510
080901,CUSCO,LA CONVENCIÓN,SANTA ANA,"100,0","98,2",499,488
080902,CUSCO,LA CONVENCIÓN,ECHARATE,"100,0","98,0",475,457
080903,CUSCO,LA CONVENCIÓN,HUAYOPATA,"100,0","97,9",500,480
080904,CUSCO,LA CONVENCIÓN,MARANURA,"100,0","100,0",498,483
080905,CUSCO,LA CONVENCIÓN,OCOBAMBA,"100,0","98,3",481,473
080906,CUSCO,LA CONVENCIÓN,QUELLOUNO,"100,0","92,7",481,455
080907,CUSCO,LA CONVENCIÓN,KIMBIRI,"100,0","98,5",452,439
080908,CUSCO,LA CONVENCIÓN,SANTA TERESA,"100,0","96,7",508,494
080909,CUSCO,LA CONVENCIÓN,VILCABAMBA,"100,0","100,0",483,452
080910,CUSCO,LA CONVENCIÓN,PICHARI,"100,0","95,9",462,444
080911,CUSCO,LA CONVENCIÓN,INKAWASI,"100,0","94,5",461,438
080912,CUSCO,LA CONVENCIÓN,VILLA VIRGEN,"100,0","97,7",467,454
080913,CUSCO,LA CONVENCIÓN,VILLA KINTIARINA,"100,0","86,2",456,411
080914,CUSCO,LA CONVENCIÓN,MEGANTONI,"100,0","59,1",-,-
080915,CUSCO,LA CONVENCIÓN,KUMPIRUSHIATO,"100,0","98,4",469,467
080916,CUSCO,LA CONVENCIÓN,CIELO PUNCO,"100,0","97,1",453,447
080917,CUSCO,LA CONVENCIÓN,MANITEA,"100,0","98,0",467,430
080918,CUSCO,LA CONVENCIÓN,UNIÓN ASHÁNINKA,"100,0","98,8",468,469
081001,CUSCO,PARURO,PARURO,"100,0","100,0",536,548
081002,CUSCO,PARURO,ACCHA,"100,0","100,0",488,491
081009,CUSCO,PARURO,YAURISQUE,"100,0","100,0",490,475
081101,CUSCO,PAUCARTAMBO,PAUCARTAMBO,"100,0","99,4",485,507
081102,CUSCO,PAUCARTAMBO,CAICAY,"100,0","100,0",477,495
081103,CUSCO,PAUCARTAMBO,CHALLABAMBA,"100,0","100,0",467,470
081106,CUSCO,PAUCARTAMBO,KOSÑIPATA,"100,0","96,5",466,468
081201,CUSCO,QUISPICANCHI,URCOS,"100,0","99,1",494,485
081202,CUSCO,QUISPICANCHI,ANDAHUAYLILLAS,"100,0","100,0",504,513
081203,CUSCO,QUISPICANCHI,CAMANTI,"100,0","100,0",482,461
081205,CUSCO,QUISPICANCHI,CCATCA,"100,0","95,7",465,447
081206,CUSCO,QUISPICANCHI,CUSIPATA,"100,0","100,0",507,546
081207,CUSCO,QUISPICANCHI,HUARO,"100,0","100,0",476,455
081208,CUSCO,QUISPICANCHI,LUCRE,"100,0","100,0",482,470
081209,CUSCO,QUISPICANCHI,MARCAPATA,"100,0","98,1",453,450
081210,CUSCO,QUISPICANCHI,OCONGATE,"100,0","100,0",471,478
081211,CUSCO,QUISPICANCHI,OROPESA,"100,0","99,0",497,475
081212,CUSCO,QUISPICANCHI,QUIQUIJANA,"100,0","99,0",465,445
081301,CUSCO,URUBAMBA,URUBAMBA,"100,0","97,9",498,491
081302,CUSCO,URUBAMBA,CHINCHERO,"100,0","99,5",509,515
081303,CUSCO,URUBAMBA,HUAYLLABAMBA,"100,0","100,0",487,481
081304,CUSCO,URUBAMBA,MACHUPICCHU,"100,0","95,0",492,495
081305,CUSCO,URUBAMBA,MARAS,"100,0","100,0",477,470
081306,CUSCO,URUBAMBA,OLLANTAYTAMBO,"100,0","99,1",482,475
081307,CUSCO,URUBAMBA,YUCAY,"100,0","98,3",509,481
090101,HUANCAVELICA,HUANCAVELICA,HUANCAVELICA,"100,0","98,7",511,519
090102,HUANCAVELICA,HUANCAVELICA,ACOBAMBILLA,"100,0","100,0",428,449
090103,HUANCAVELICA,HUANCAVELICA,ACORIA,"100,0","98,8",472,463
090105,HUANCAVELICA,HUANCAVELICA,CUENCA,"100,0","100,0",512,433
090106,HUANCAVELICA,HUANCAVELICA,HUACHOCOLPA,"100,0","100,0",428,372
090108,HUANCAVELICA,HUANCAVELICA,IZCUCHACA,"100,0","100,0",527,482
090110,HUANCAVELICA,HUANCAVELICA,MANTA,"100,0","100,0",485,465
090111,HUANCAVELICA,HUANCAVELICA,MARISCAL CACERES,"100,0","100,0",497,486
090112,HUANCAVELICA,HUANCAVELICA,MOYA,"100,0","100,0",513,457
090113,HUANCAVELICA,HUANCAVELICA,NUEVO OCCORO,"100,0","100,0",439,425
090114,HUANCAVELICA,HUANCAVELICA,PALCA,"100,0","94,7",468,460
090115,HUANCAVELICA,HUANCAVELICA,PILCHACA,"100,0","85,7",453,415
090116,HUANCAVELICA,HUANCAVELICA,VILCA,"100,0","100,0",467,425
090117,HUANCAVELICA,HUANCAVELICA,YAULI,"100,0","98,6",483,510
090118,HUANCAVELICA,HUANCAVELICA,ASCENSION,"100,0","93,6",502,508
090119,HUANCAVELICA,HUANCAVELICA,HUANDO,"100,0","97,4",443,426
090201,HUANCAVELICA,ACOBAMBA,ACOBAMBA,"100,0","99,3",487,484
090202,HUANCAVELICA,ACOBAMBA,ANDABAMBA,"100,0","95,7",455,444
090203,HUANCAVELICA,ACOBAMBA,ANTA,"100,0","100,0",439,474
090204,HUANCAVELICA,ACOBAMBA,CAJA,"100,0","100,0",474,470
090206,HUANCAVELICA,ACOBAMBA,PAUCARA,"100,0","98,5",466,457
090207,HUANCAVELICA,ACOBAMBA,POMACOCHA,"100,0","100,0",521,500
090301,HUANCAVELICA,ANGARAES,LIRCAY,"100,0","97,6",468,467
090302,HUANCAVELICA,ANGARAES,ANCHONGA,"100,0","100,0",469,461
090304,HUANCAVELICA,ANGARAES,CCOCHACCASA,"100,0","100,0",466,456
090305,HUANCAVELICA,ANGARAES,CHINCHO,"100,0","100,0",458,491
090306,HUANCAVELICA,ANGARAES,CONGALLA,"100,0","100,0",507,497
090309,HUANCAVELICA,ANGARAES,JULCAMARCA,"100,0","91,7",479,465
090310,HUANCAVELICA,ANGARAES,SAN ANTONIO DE ANTAPARCO,"100,0","100,0",504,505
090312,HUANCAVELICA,ANGARAES,SECCLLA,"100,0","96,6",448,414
090401,HUANCAVELICA,CASTROVIRREYNA,CASTROVIRREYNA,"100,0","97,1",478,471
090403,HUANCAVELICA,CASTROVIRREYNA,AURAHUA,"100,0","100,0",458,437
090404,HUANCAVELICA,CASTROVIRREYNA,CAPILLAS,"100,0","100,0",528,523
090405,HUANCAVELICA,CASTROVIRREYNA,CHUPAMARCA,"100,0","85,7",456,426
090406,HUANCAVELICA,CASTROVIRREYNA,COCAS,"100,0","90,9",470,450
090409,HUANCAVELICA,CASTROVIRREYNA,MOLLEPAMPA,"100,0","77,8",-,-
090412,HUANCAVELICA,CASTROVIRREYNA,TANTARA,"100,0","92,9",431,443
090413,HUANCAVELICA,CASTROVIRREYNA,TICRAPO,"100,0","95,5",471,448
090501,HUANCAVELICA,CHURCAMPA,CHURCAMPA,"100,0","100,0",475,487
090502,HUANCAVELICA,CHURCAMPA,ANCO,"100,0","97,5",496,491
090503,HUANCAVELICA,CHURCAMPA,CHINCHIHUASI,"100,0","100,0",529,530
090504,HUANCAVELICA,CHURCAMPA,EL CARMEN,"100,0","100,0",460,450
090505,HUANCAVELICA,CHURCAMPA,LA MERCED,"100,0","100,0",511,520
090506,HUANCAVELICA,CHURCAMPA,LOCROJA,"100,0","100,0",438,419
090507,HUANCAVELICA,CHURCAMPA,PAUCARBAMBA,"100,0","100,0",499,501
090508,HUANCAVELICA,CHURCAMPA,SAN MIGUEL DE MAYOCC,"100,0","100,0",498,473
090509,HUANCAVELICA,CHURCAMPA,SAN PEDRO DE CORIS,"100,0","100,0",477,456
090510,HUANCAVELICA,CHURCAMPA,PACHAMARCA,"100,0","100,0",469,432
090511,HUANCAVELICA,CHURCAMPA,COSME,"100,0","100,0",443,447
090601,HUANCAVELICA,HUAYTARÁ,HUAYTARA,"100,0","100,0",501,474
090603,HUANCAVELICA,HUAYTARÁ,CORDOVA,"100,0","100,0",456,456
090604,HUANCAVELICA,HUAYTARÁ,HUAYACUNDO ARMA,"100,0","100,0",562,534
090605,HUANCAVELICA,HUAYTARÁ,LARAMARCA,"100,0","83,3",386,337
090606,HUANCAVELICA,HUAYTARÁ,OCOYO,"100,0","100,0",429,434
090607,HUANCAVELICA,HUAYTARÁ,PILPICHACA,"100,0","100,0",467,446
090608,HUANCAVELICA,HUAYTARÁ,QUERCO,"100,0","83,3",460,454
090609,HUANCAVELICA,HUAYTARÁ,QUITO-ARMA,"100,0","100,0",436,447
090610,HUANCAVELICA,HUAYTARÁ,SAN ANTONIO DE CUSICANCHA,"100,0","100,0",468,467
090611,HUANCAVELICA,HUAYTARÁ,SAN FRANCISCO DE SANGAYAICO,"100,0","100,0",394,393
090613,HUANCAVELICA,HUAYTARÁ,SANTIAGO DE CHOCORVOS,"100,0","100,0",503,435
090615,HUANCAVELICA,HUAYTARÁ,SANTO DOMINGO DE CAPILLAS,"100,0","83,3",507,460
090701,HUANCAVELICA,TAYACAJA,PAMPAS,"100,0","98,0",503,500
090702,HUANCAVELICA,TAYACAJA,ACOSTAMBO,"100,0","100,0",477,469
090703,HUANCAVELICA,TAYACAJA,ACRAQUIA,"100,0","100,0",469,472
090704,HUANCAVELICA,TAYACAJA,AHUAYCHA,"100,0","100,0",505,525
090705,HUANCAVELICA,TAYACAJA,COLCABAMBA,"100,0","96,1",448,446
090706,HUANCAVELICA,TAYACAJA,DANIEL HERNANDEZ,"100,0","95,8",475,470
090707,HUANCAVELICA,TAYACAJA,HUACHOCOLPA,"100,0","100,0",519,502
090709,HUANCAVELICA,TAYACAJA,HUARIBAMBA,"100,0","100,0",455,452
090710,HUANCAVELICA,TAYACAJA,ÑAHUIMPUQUIO,"100,0","100,0",515,506
090711,HUANCAVELICA,TAYACAJA,PAZOS,"100,0","96,1",467,454
090714,HUANCAVELICA,TAYACAJA,SALCABAMBA,"100,0","100,0",459,453
090715,HUANCAVELICA,TAYACAJA,SALCAHUASI,"100,0","92,9",505,534
090716,HUANCAVELICA,TAYACAJA,SAN MARCOS DE ROCCHAC,"100,0","100,0",512,534
090717,HUANCAVELICA,TAYACAJA,SURCUBAMBA,"100,0","100,0",505,526
090718,HUANCAVELICA,TAYACAJA,TINTAY PUNCU,"100,0","100,0",481,457
090719,HUANCAVELICA,TAYACAJA,QUICHUAS,"100,0","98,9",436,447
090720,HUANCAVELICA,TAYACAJA,ANDAYMARCA,"100,0","95,0",483,473
090721,HUANCAVELICA,TAYACAJA,ROBLE,"100,0","89,7",422,419
090722,HUANCAVELICA,TAYACAJA,PICHOS,"100,0","100,0",451,430
090723,HUANCAVELICA,TAYACAJA,SANTIAGO DE TUCUMA,"100,0","100,0",405,390
090724,HUANCAVELICA,TAYACAJA,LAMBRAS,"100,0","100,0",473,474
090725,HUANCAVELICA,TAYACAJA,COCHABAMBA,"100,0","100,0",456,447
100101,HUÁNUCO,HUÁNUCO,HUANUCO,"100,0","96,7",495,477
100102,HUÁNUCO,HUÁNUCO,AMARILIS,"100,0","96,7",491,472
100103,HUÁNUCO,HUÁNUCO,CHINCHAO,"100,0","98,2",456,441
100104,HUÁNUCO,HUÁNUCO,CHURUBAMBA,"100,0","98,0",436,411
100105,HUÁNUCO,HUÁNUCO,MARGOS,"100,0","96,7",425,376
100106,HUÁNUCO,HUÁNUCO,QUISQUI (KICHKI),"100,0","90,0",381,346
100107,HUÁNUCO,HUÁNUCO,SAN FRANCISCO DE CAYRAN,"100,0","90,2",467,438
100108,HUÁNUCO,HUÁNUCO,SAN PEDRO DE CHAULAN,"100,0","100,0",414,373
100109,HUÁNUCO,HUÁNUCO,SANTA MARIA DEL VALLE,"100,0","95,5",450,427
100110,HUÁNUCO,HUÁNUCO,YARUMAYO,"100,0","100,0",432,407
100111,HUÁNUCO,HUÁNUCO,PILLCO MARCA,"100,0","97,9",493,475
100112,HUÁNUCO,HUÁNUCO,YACUS,"100,0","100,0",448,428
100113,HUÁNUCO,HUÁNUCO,SAN PABLO DE PILLAO,"100,0","94,5",448,423
100201,HUÁNUCO,AMBO,AMBO,"100,0","98,4",469,446
100202,HUÁNUCO,AMBO,CAYNA,"100,0","100,0",430,399
100203,HUÁNUCO,AMBO,COLPAS,"100,0","94,4",420,371
100204,HUÁNUCO,AMBO,CONCHAMARCA,"100,0","93,1",448,406
100205,HUÁNUCO,AMBO,HUACAR,"100,0","96,7",460,443
100206,HUÁNUCO,AMBO,SAN FRANCISCO,"100,0","100,0",418,376
100207,HUÁNUCO,AMBO,SAN RAFAEL,"100,0","91,1",430,407
100208,HUÁNUCO,AMBO,TOMAY KICHWA,"100,0","95,5",479,464
100301,HUÁNUCO,DOS DE MAYO,LA UNION,"100,0","97,7",451,430
100307,HUÁNUCO,DOS DE MAYO,CHUQUIS,"100,0","100,0",450,444
100311,HUÁNUCO,DOS DE MAYO,MARIAS,"100,0","93,2",435,400
100313,HUÁNUCO,DOS DE MAYO,PACHAS,"100,0","95,8",480,464
100316,HUÁNUCO,DOS DE MAYO,QUIVILLA,"100,0","100,0",480,482
100317,HUÁNUCO,DOS DE MAYO,RIPAN,"100,0","95,1",451,428
100321,HUÁNUCO,DOS DE MAYO,SHUNQUI,"100,0","100,0",454,456
100322,HUÁNUCO,DOS DE MAYO,SILLAPATA,"100,0","100,0",473,506
100323,HUÁNUCO,DOS DE MAYO,YANAS,"100,0","97,1",437,407
100403,HUÁNUCO,HUACAYBAMBA,COCHABAMBA,"100,0","100,0",420,360
100501,HUÁNUCO,HUAMALÍES,LLATA,"100,0","98,9",479,468
100502,HUÁNUCO,HUAMALÍES,ARANCAY,"100,0","100,0",443,426
100503,HUÁNUCO,HUAMALÍES,CHAVIN DE PARIARCA,"100,0","100,0",452,446
100504,HUÁNUCO,HUAMALÍES,JACAS GRANDE,"100,0","100,0",444,430
100505,HUÁNUCO,HUAMALÍES,JIRCAN,"100,0","100,0",402,360
100506,HUÁNUCO,HUAMALÍES,MIRAFLORES,"100,0","100,0",428,384
100507,HUÁNUCO,HUAMALÍES,MONZON,"100,0","97,2",489,478
100508,HUÁNUCO,HUAMALÍES,PUNCHAO,"100,0","97,6",450,429
100509,HUÁNUCO,HUAMALÍES,PUÑOS,"100,0","100,0",467,432
100601,HUÁNUCO,LEONCIO PRADO,RUPA-RUPA,"100,0","97,5",495,481
100602,HUÁNUCO,LEONCIO PRADO,DANIEL ALOMIA ROBLES,"100,0","95,0",465,450
100603,HUÁNUCO,LEONCIO PRADO,HERMILIO VALDIZAN,"100,0","96,3",452,427
100604,HUÁNUCO,LEONCIO PRADO,JOSE CRESPO Y CASTILLO,"100,0","95,7",472,448
100605,HUÁNUCO,LEONCIO PRADO,LUYANDO,"100,0","94,6",465,443
100606,HUÁNUCO,LEONCIO PRADO,MARIANO DAMASO BERAUN,"100,0","95,3",437,407
100607,HUÁNUCO,LEONCIO PRADO,PUCAYACU,"100,0","97,6",445,429
100608,HUÁNUCO,LEONCIO PRADO,CASTILLO GRANDE,"100,0","97,0",467,455
100609,HUÁNUCO,LEONCIO PRADO,PUEBLO NUEVO,"100,0","93,8",457,439
100610,HUÁNUCO,LEONCIO PRADO,SANTO DOMINGO DE ANDA,"100,0","95,3",450,457
100701,HUÁNUCO,MARAÑÓN,HUACRACHUCO,"100,0","97,4",458,442
100702,HUÁNUCO,MARAÑÓN,CHOLON,"100,0","95,0",448,418
100704,HUÁNUCO,MARAÑÓN,LA MORADA,"100,0","95,8",465,452
100705,HUÁNUCO,MARAÑÓN,SANTA ROSA DE ALTO YANAJANCA,"100,0","100,0",513,520
100801,HUÁNUCO,PACHITEA,PANAO,"100,0","97,5",449,437
100802,HUÁNUCO,PACHITEA,CHAGLLA,"100,0","94,1",457,444
100803,HUÁNUCO,PACHITEA,MOLINO,"100,0","97,9",449,432
100804,HUÁNUCO,PACHITEA,UMARI,"100,0","97,6",420,405
100901,HUÁNUCO,PUERTO INCA,PUERTO INCA,"100,0","88,9",434,411
100902,HUÁNUCO,PUERTO INCA,CODO DEL POZUZO,"100,0","93,3",476,458
100903,HUÁNUCO,PUERTO INCA,HONORIA,"100,0","94,3",440,395
100904,HUÁNUCO,PUERTO INCA,TOURNAVISTA,"100,0","86,4",428,392
100905,HUÁNUCO,PUERTO INCA,YUYAPICHIS,"100,0","83,3",419,381
101001,HUÁNUCO,LAURICOCHA,JESUS,"100,0","97,6",485,473
101002,HUÁNUCO,LAURICOCHA,BAÑOS,"100,0","96,6",439,443
101003,HUÁNUCO,LAURICOCHA,JIVIA,"100,0","100,0",495,486
101004,HUÁNUCO,LAURICOCHA,QUEROPALCA,"100,0","83,3",462,449
101005,HUÁNUCO,LAURICOCHA,RONDOS,"100,0","100,0",451,450
101006,HUÁNUCO,LAURICOCHA,SAN FRANCISCO DE ASIS,"100,0","88,9",414,388
101007,HUÁNUCO,LAURICOCHA,SAN MIGUEL DE CAURI,"100,0","92,6",488,507
101101,HUÁNUCO,YAROWILCA,CHAVINILLO,"100,0","95,7",442,426
101102,HUÁNUCO,YAROWILCA,CAHUAC,"100,0","93,8",475,488
101103,HUÁNUCO,YAROWILCA,CHACABAMBA,"100,0","100,0",513,450
101104,HUÁNUCO,YAROWILCA,APARICIO POMARES,"100,0","100,0",454,422
101106,HUÁNUCO,YAROWILCA,OBAS,"100,0","100,0",456,434
101107,HUÁNUCO,YAROWILCA,PAMPAMARCA,"100,0","92,9",411,375
101108,HUÁNUCO,YAROWILCA,CHORAS,"100,0","100,0",397,398
110101,ICA,ICA,ICA,"100,0","95,7",508,496
110102,ICA,ICA,LA TINGUIÑA,"100,0","95,5",502,487
110103,ICA,ICA,LOS AQUIJES,"100,0","97,6",485,481
110104,ICA,ICA,OCUCAJE,"100,0","92,4",460,432
110105,ICA,ICA,PACHACUTEC,"100,0","98,1",472,452
110106,ICA,ICA,PARCONA,"100,0","93,6",500,483
110107,ICA,ICA,PUEBLO NUEVO,"100,0","95,1",512,497
110108,ICA,ICA,SALAS,"100,0","96,3",475,456
110109,ICA,ICA,SAN JOSE DE LOS MOLINOS,"100,0","95,2",502,473
110110,ICA,ICA,SAN JUAN BAUTISTA,"100,0","95,9",478,457
110111,ICA,ICA,SANTIAGO,"100,0","95,9",486,475
110112,ICA,ICA,SUBTANJALLA,"100,0","97,1",483,459
110113,ICA,ICA,TATE,"100,0","93,7",497,495
110114,ICA,ICA,YAUCA DEL ROSARIO,"100,0","100,0",447,397
110201,ICA,CHINCHA,CHINCHA ALTA,"100,0","96,8",486,470
110202,ICA,CHINCHA,ALTO LARAN,"100,0","98,3",484,470
110204,ICA,CHINCHA,CHINCHA BAJA,"100,0","97,1",478,451
110205,ICA,CHINCHA,EL CARMEN,"100,0","94,7",475,455
110206,ICA,CHINCHA,GROCIO PRADO,"100,0","96,5",481,466
110207,ICA,CHINCHA,PUEBLO NUEVO,"100,0","95,9",479,459
110208,ICA,CHINCHA,SAN JUAN DE YANAC,"100,0","60,0",-,-
110209,ICA,CHINCHA,SAN PEDRO DE HUACARPANA,"100,0","100,0",431,381
110210,ICA,CHINCHA,SUNAMPE,"100,0","96,2",478,454
110211,ICA,CHINCHA,TAMBO DE MORA,"100,0","95,7",498,499
110301,ICA,NAZCA,NASCA,"100,0","97,0",512,518
110302,ICA,NAZCA,CHANGUILLO,"100,0","100,0",469,450
110303,ICA,NAZCA,EL INGENIO,"100,0","100,0",493,512
110304,ICA,NAZCA,MARCONA,"100,0","97,7",511,510
110305,ICA,NAZCA,VISTA ALEGRE,"100,0","96,7",496,492
110401,ICA,PALPA,PALPA,"100,0","97,3",487,483
110402,ICA,PALPA,LLIPATA,"100,0","95,8",469,401
110403,ICA,PALPA,RIO GRANDE,"100,0","89,7",527,524
110404,ICA,PALPA,SANTA CRUZ,"100,0","96,2",471,456
110501,ICA,PISCO,PISCO,"100,0","96,2",501,486
110502,ICA,PISCO,HUANCANO,"100,0","89,5",495,502
110503,ICA,PISCO,HUMAY,"100,0","93,3",474,470
110504,ICA,PISCO,INDEPENDENCIA,"100,0","97,2",483,472
110505,ICA,PISCO,PARACAS,"100,0","97,0",479,451
110506,ICA,PISCO,SAN ANDRES,"100,0","92,5",499,480
110507,ICA,PISCO,SAN CLEMENTE,"100,0","93,3",477,458
110508,ICA,PISCO,TUPAC AMARU INCA,"100,0","93,1",479,461
120101,JUNÍN,HUANCAYO,HUANCAYO,"100,0","97,3",522,518
120107,JUNÍN,HUANCAYO,CHILCA,"100,0","96,5",494,487
120108,JUNÍN,HUANCAYO,CHONGOS ALTO,"100,0","100,0",456,395
120111,JUNÍN,HUANCAYO,CHUPURO,"100,0","100,0",484,486
120112,JUNÍN,HUANCAYO,COLCA,"100,0","94,1",440,393
120113,JUNÍN,HUANCAYO,CULLHUAS,"100,0","90,0",429,394
120114,JUNÍN,HUANCAYO,EL TAMBO,"100,0","97,3",514,507
120116,JUNÍN,HUANCAYO,HUACRAPUQUIO,"100,0","94,4",479,432
120117,JUNÍN,HUANCAYO,HUALHUAS,"100,0","100,0",497,501
120119,JUNÍN,HUANCAYO,HUANCAN,"100,0","97,2",477,472
120120,JUNÍN,HUANCAYO,HUASICANCHA,"100,0","100,0",488,442
120121,JUNÍN,HUANCAYO,HUAYUCACHI,"100,0","95,3",489,475
120122,JUNÍN,HUANCAYO,INGENIO,"100,0","100,0",424,379
120124,JUNÍN,HUANCAYO,PARIAHUANCA,"100,0","98,1",444,440
120125,JUNÍN,HUANCAYO,PILCOMAYO,"100,0","97,3",501,498
120126,JUNÍN,HUANCAYO,PUCARA,"100,0","100,0",452,425
120127,JUNÍN,HUANCAYO,QUICHUAY,"100,0","86,7",467,417
120128,JUNÍN,HUANCAYO,QUILCAS,"100,0","98,9",489,486
120129,JUNÍN,HUANCAYO,SAN AGUSTIN,"100,0","95,2",486,470
120130,JUNÍN,HUANCAYO,SAN JERONIMO DE TUNAN,"100,0","97,7",501,493
120132,JUNÍN,HUANCAYO,SAÑO,"100,0","97,3",494,506
120133,JUNÍN,HUANCAYO,SAPALLANGA,"100,0","98,6",478,468
120134,JUNÍN,HUANCAYO,SICAYA,"100,0","96,9",482,480
120135,JUNÍN,HUANCAYO,SANTO DOMINGO DE ACOBAMBA,"100,0","97,0",460,448
120136,JUNÍN,HUANCAYO,VIQUES,"100,0","100,0",501,468
120201,JUNÍN,CONCEPCIÓN,CONCEPCION,"100,0","98,4",497,500
120202,JUNÍN,CONCEPCIÓN,ACO,"100,0","100,0",504,527
120203,JUNÍN,CONCEPCIÓN,ANDAMARCA,"100,0","92,3",445,426
120204,JUNÍN,CONCEPCIÓN,CHAMBARA,"100,0","100,0",472,449
120205,JUNÍN,CONCEPCIÓN,COCHAS,"100,0","100,0",442,465
120206,JUNÍN,CONCEPCIÓN,COMAS,"100,0","98,1",446,436
120207,JUNÍN,CONCEPCIÓN,HEROINAS TOLEDO,"100,0","100,0",434,432
120208,JUNÍN,CONCEPCIÓN,MANZANARES,"100,0","100,0",510,493
120209,JUNÍN,CONCEPCIÓN,MARISCAL CASTILLA,"100,0","86,7",453,464
120210,JUNÍN,CONCEPCIÓN,MATAHUASI,"100,0","95,2",477,471
120211,JUNÍN,CONCEPCIÓN,MITO,"100,0","100,0",539,498
120212,JUNÍN,CONCEPCIÓN,NUEVE DE JULIO,"100,0","92,9",441,417
120213,JUNÍN,CONCEPCIÓN,ORCOTUNA,"100,0","92,3",465,450
120214,JUNÍN,CONCEPCIÓN,SAN JOSE DE QUERO,"100,0","93,2",460,461
120215,JUNÍN,CONCEPCIÓN,SANTA ROSA DE OCOPA,"100,0","96,6",478,467
120301,JUNÍN,CHANCHAMAYO,CHANCHAMAYO,"100,0","96,1",495,486
120302,JUNÍN,CHANCHAMAYO,PERENE,"100,0","94,5",469,458
120303,JUNÍN,CHANCHAMAYO,PICHANAQUI,"100,0","92,0",485,476
120304,JUNÍN,CHANCHAMAYO,SAN LUIS DE SHUARO,"100,0","95,2",464,443
120305,JUNÍN,CHANCHAMAYO,SAN RAMON,"100,0","98,3",489,473
120306,JUNÍN,CHANCHAMAYO,VITOC,"100,0","84,6",476,451
120401,JUNÍN,JAUJA,JAUJA,"100,0","98,4",503,501
120402,JUNÍN,JAUJA,ACOLLA,"100,0","96,9",453,425
120403,JUNÍN,JAUJA,APATA,"100,0","100,0",467,465
120404,JUNÍN,JAUJA,ATAURA,"100,0","100,0",418,392
120405,JUNÍN,JAUJA,CANCHAYLLO,"100,0","100,0",504,515
120406,JUNÍN,JAUJA,CURICACA,"100,0","100,0",490,465
120407,JUNÍN,JAUJA,EL MANTARO,"100,0","97,7",484,481
120408,JUNÍN,JAUJA,HUAMALI,"100,0","100,0",501,516
120409,JUNÍN,JAUJA,HUARIPAMPA,"100,0","100,0",482,413
120410,JUNÍN,JAUJA,HUERTAS,"100,0","85,7",495,512
120412,JUNÍN,JAUJA,JULCAN,"100,0","100,0",441,407
120413,JUNÍN,JAUJA,LEONOR ORDOÑEZ,"100,0","100,0",513,462
120414,JUNÍN,JAUJA,LLOCLLAPAMPA,"100,0","100,0",566,543
120415,JUNÍN,JAUJA,MARCO,"100,0","100,0",464,411
120416,JUNÍN,JAUJA,MASMA,"100,0","96,4",488,476
120417,JUNÍN,JAUJA,MASMA CHICCHE,"100,0","100,0",461,424
120418,JUNÍN,JAUJA,MOLINOS,"100,0","100,0",421,365
120419,JUNÍN,JAUJA,MONOBAMBA,"100,0","96,0",478,453
120420,JUNÍN,JAUJA,MUQUI,"100,0","100,0",563,627
120421,JUNÍN,JAUJA,MUQUIYAUYO,"100,0","91,2",480,468
120422,JUNÍN,JAUJA,PACA,"100,0","100,0",433,466
120423,JUNÍN,JAUJA,PACCHA,"100,0","100,0",480,459
120424,JUNÍN,JAUJA,PANCAN,"100,0","97,5",493,475
120425,JUNÍN,JAUJA,PARCO,"100,0","100,0",414,321
120426,JUNÍN,JAUJA,POMACANCHA,"100,0","100,0",465,445
120427,JUNÍN,JAUJA,RICRAN,"100,0","100,0",374,377
120428,JUNÍN,JAUJA,SAN LORENZO,"100,0","98,0",487,485
120430,JUNÍN,JAUJA,SAUSA,"100,0","90,5",492,470
120431,JUNÍN,JAUJA,SINCOS,"100,0","97,1",426,392
120432,JUNÍN,JAUJA,TUNAN MARCA,"100,0","100,0",465,417
120433,JUNÍN,JAUJA,YAULI,"100,0","80,0",475,449
120434,JUNÍN,JAUJA,YAUYOS,"100,0","90,5",483,477
120501,JUNÍN,JUNÍN,JUNIN,"100,0","96,6",482,471
120502,JUNÍN,JUNÍN,CARHUAMAYO,"100,0","97,2",465,445
120503,JUNÍN,JUNÍN,ONDORES,"100,0","100,0",496,438
120504,JUNÍN,JUNÍN,ULCUMAYO,"100,0","97,7",454,459
120601,JUNÍN,SATIPO,SATIPO,"100,0","95,9",484,475
120602,JUNÍN,SATIPO,COVIRIALI,"100,0","94,2",447,404
120603,JUNÍN,SATIPO,LLAYLLA,"100,0","89,2",454,418
120604,JUNÍN,SATIPO,MAZAMARI,"100,0","94,6",478,460
120605,JUNÍN,SATIPO,PAMPA HERMOSA,"100,0","100,0",490,465
120606,JUNÍN,SATIPO,PANGOA,"100,0","96,0",462,443
120607,JUNÍN,SATIPO,RIO NEGRO,"100,0","96,3",462,434
120608,JUNÍN,SATIPO,RIO TAMBO,"100,0","91,1",432,395
120609,JUNÍN,SATIPO,VIZCATAN DEL ENE,"100,0","97,2",438,425
120701,JUNÍN,TARMA,TARMA,"100,0","97,2",502,494
120702,JUNÍN,TARMA,ACOBAMBA,"100,0","96,2",470,462
120703,JUNÍN,TARMA,HUARICOLCA,"100,0","100,0",458,434
120704,JUNÍN,TARMA,HUASAHUASI,"100,0","98,2",441,428
120705,JUNÍN,TARMA,LA UNION,"100,0","95,8",484,483
120706,JUNÍN,TARMA,PALCA,"100,0","98,3",447,434
120707,JUNÍN,TARMA,PALCAMAYO,"100,0","97,6",481,487
120708,JUNÍN,TARMA,SAN PEDRO DE CAJAS,"100,0","92,9",492,487
120709,JUNÍN,TARMA,TAPO,"100,0","93,1",451,437
120801,JUNÍN,YAULI,LA OROYA,"100,0","96,6",522,525
120802,JUNÍN,YAULI,CHACAPALPA,"100,0","85,7",471,467
120803,JUNÍN,YAULI,HUAY-HUAY,"100,0","100,0",492,505
120804,JUNÍN,YAULI,MARCAPOMACOCHA,"100,0","92,3",423,371
120805,JUNÍN,YAULI,MOROCOCHA,"100,0","100,0",509,505
120806,JUNÍN,YAULI,PACCHA,"100,0","100,0",499,500
120807,JUNÍN,YAULI,SANTA BARBARA DE CARHUACAYAN,"100,0","100,0",467,438
120808,JUNÍN,YAULI,SANTA ROSA DE SACCO,"100,0","100,0",499,480
120809,JUNÍN,YAULI,SUITUCANCHA,"100,0","100,0",460,472
120810,JUNÍN,YAULI,YAULI,"100,0","100,0",522,516
120901,JUNÍN,CHUPACA,CHUPACA,"100,0","96,2",503,495
120902,JUNÍN,CHUPACA,AHUAC,"100,0","97,1",471,439
120903,JUNÍN,CHUPACA,CHONGOS BAJO,"100,0","95,3",498,476
120904,JUNÍN,CHUPACA,HUACHAC,"100,0","97,5",509,495
120905,JUNÍN,CHUPACA,HUAMANCACA CHICO,"100,0","96,4",476,462
120906,JUNÍN,CHUPACA,SAN JUAN DE ISCOS,"100,0","91,7",505,482
120907,JUNÍN,CHUPACA,SAN JUAN DE JARPA,"100,0","100,0",501,493
120908,JUNÍN,CHUPACA,TRES DE DICIEMBRE,"100,0","96,9",474,466
120909,JUNÍN,CHUPACA,YANACANCHA,"100,0","92,5",452,434
130101,LA LIBERTAD,TRUJILLO,TRUJILLO,"100,0","95,4",513,494
130102,LA LIBERTAD,TRUJILLO,EL PORVENIR,"100,0","95,5",489,476
130103,LA LIBERTAD,TRUJILLO,FLORENCIA DE MORA,"100,0","97,2",485,464
130104,LA LIBERTAD,TRUJILLO,HUANCHACO,"100,0","94,9",484,465
130105,LA LIBERTAD,TRUJILLO,LA ESPERANZA,"100,0","95,1",492,471
130106,LA LIBERTAD,TRUJILLO,LAREDO,"100,0","94,8",479,462
130107,LA LIBERTAD,TRUJILLO,MOCHE,"100,0","96,7",494,471
130108,LA LIBERTAD,TRUJILLO,POROTO,"100,0","98,9",484,468
130109,LA LIBERTAD,TRUJILLO,SALAVERRY,"100,0","96,0",484,459
130110,LA LIBERTAD,TRUJILLO,SIMBAL,"100,0","96,0",477,466
130111,LA LIBERTAD,TRUJILLO,VICTOR LARCO HERRERA,"100,0","95,2",509,489
130201,LA LIBERTAD,ASCOPE,ASCOPE,"100,0","99,1",474,440
130202,LA LIBERTAD,ASCOPE,CHICAMA,"100,0","96,6",486,468
130203,LA LIBERTAD,ASCOPE,CHOCOPE,"100,0","97,6",491,474
130204,LA LIBERTAD,ASCOPE,MAGDALENA DE CAO,"100,0","100,0",486,467
130205,LA LIBERTAD,ASCOPE,PAIJAN,"100,0","94,0",475,453
130206,LA LIBERTAD,ASCOPE,RAZURI,"100,0","96,4",490,468
130207,LA LIBERTAD,ASCOPE,SANTIAGO DE CAO,"100,0","96,0",488,473
130208,LA LIBERTAD,ASCOPE,CASA GRANDE,"100,0","96,4",483,450
130301,LA LIBERTAD,BOLÍVAR,BOLIVAR,"100,0","91,2",449,416
130302,LA LIBERTAD,BOLÍVAR,BAMBAMARCA,"100,0","94,6",402,362
130303,LA LIBERTAD,BOLÍVAR,CONDORMARCA,"100,0","96,8",413,385
130304,LA LIBERTAD,BOLÍVAR,LONGOTEA,"100,0","100,0",488,475
130305,LA LIBERTAD,BOLÍVAR,UCHUMARCA,"100,0","97,7",465,438
130306,LA LIBERTAD,BOLÍVAR,UCUNCHA,"100,0","91,7",386,371
130401,LA LIBERTAD,CHEPÉN,CHEPEN,"100,0","95,5",492,467
130402,LA LIBERTAD,CHEPÉN,PACANGA,"100,0","96,2",462,442
130403,LA LIBERTAD,CHEPÉN,PUEBLO NUEVO,"100,0","99,5",480,464
130501,LA LIBERTAD,JULCÁN,JULCAN,"100,0","95,7",443,400
130502,LA LIBERTAD,JULCÁN,CALAMARCA,"100,0","91,4",422,390
130503,LA LIBERTAD,JULCÁN,CARABAMBA,"100,0","98,0",417,373
130504,LA LIBERTAD,JULCÁN,HUASO,"100,0","92,1",414,375
130601,LA LIBERTAD,OTUZCO,OTUZCO,"100,0","96,6",464,461
130602,LA LIBERTAD,OTUZCO,AGALLPAMPA,"100,0","98,6",441,414
130604,LA LIBERTAD,OTUZCO,CHARAT,"100,0","93,2",440,434
130605,LA LIBERTAD,OTUZCO,HUARANCHAL,"100,0","98,5",450,439
130606,LA LIBERTAD,OTUZCO,LA CUESTA,"100,0","100,0",430,406
130608,LA LIBERTAD,OTUZCO,MACHE,"100,0","95,7",469,471
130611,LA LIBERTAD,OTUZCO,SALPO,"100,0","93,1",452,448
130613,LA LIBERTAD,OTUZCO,SINSICAP,"100,0","97,7",439,416
130614,LA LIBERTAD,OTUZCO,USQUIL,"100,0","96,5",448,423
130701,LA LIBERTAD,PACASMAYO,SAN PEDRO DE LLOC,"100,0","96,5",495,483
130702,LA LIBERTAD,PACASMAYO,GUADALUPE,"100,0","97,1",483,476
130703,LA LIBERTAD,PACASMAYO,JEQUETEPEQUE,"100,0","98,9",478,433
130704,LA LIBERTAD,PACASMAYO,PACASMAYO,"100,0","96,0",486,464
130705,LA LIBERTAD,PACASMAYO,SAN JOSE,"100,0","97,7",487,457
130801,LA LIBERTAD,PATAZ,TAYABAMBA,"100,0","96,8",435,410
130802,LA LIBERTAD,PATAZ,BULDIBUYO,"100,0","97,0",446,406
130803,LA LIBERTAD,PATAZ,CHILLIA,"100,0","95,5",419,387
130804,LA LIBERTAD,PATAZ,HUANCASPATA,"100,0","92,6",436,413
130805,LA LIBERTAD,PATAZ,HUAYLILLAS,"100,0","100,0",470,399
130806,LA LIBERTAD,PATAZ,HUAYO,"100,0","97,1",420,394
130807,LA LIBERTAD,PATAZ,ONGON,"100,0","100,0",456,461
130808,LA LIBERTAD,PATAZ,PARCOY,"100,0","92,6",448,410
130809,LA LIBERTAD,PATAZ,PATAZ,"100,0","94,4",453,419
130810,LA LIBERTAD,PATAZ,PIAS,"100,0","100,0",478,456
130811,LA LIBERTAD,PATAZ,SANTIAGO DE CHALLAS,"100,0","100,0",399,367
130812,LA LIBERTAD,PATAZ,TAURIJA,"100,0","98,4",418,377
130813,LA LIBERTAD,PATAZ,URPAY,"100,0","97,9",455,427
130901,LA LIBERTAD,SÁNCHEZ CARRIÓN,HUAMACHUCO,"100,0","97,3",460,444
130902,LA LIBERTAD,SÁNCHEZ CARRIÓN,CHUGAY,"100,0","95,6",419,386
130903,LA LIBERTAD,SÁNCHEZ CARRIÓN,COCHORCO,"100,0","98,8",424,386
130904,LA LIBERTAD,SÁNCHEZ CARRIÓN,CURGOS,"100,0","97,5",433,405
130905,LA LIBERTAD,SÁNCHEZ CARRIÓN,MARCABAL,"100,0","97,9",420,394
130906,LA LIBERTAD,SÁNCHEZ CARRIÓN,SANAGORAN,"100,0","95,1",411,378
130907,LA LIBERTAD,SÁNCHEZ CARRIÓN,SARIN,"100,0","95,3",409,372
130908,LA LIBERTAD,SÁNCHEZ CARRIÓN,SARTIMBAMBA,"100,0","90,8",425,393
131001,LA LIBERTAD,SANTIAGO DE CHUCO,SANTIAGO DE CHUCO,"100,0","96,2",433,405
131002,LA LIBERTAD,SANTIAGO DE CHUCO,ANGASMARCA,"100,0","99,0",432,401
131003,LA LIBERTAD,SANTIAGO DE CHUCO,CACHICADAN,"100,0","95,4",436,418
131004,LA LIBERTAD,SANTIAGO DE CHUCO,MOLLEBAMBA,"100,0","100,0",448,385
131005,LA LIBERTAD,SANTIAGO DE CHUCO,MOLLEPATA,"100,0","100,0",432,404
131006,LA LIBERTAD,SANTIAGO DE CHUCO,QUIRUVILCA,"100,0","95,6",443,421
131007,LA LIBERTAD,SANTIAGO DE CHUCO,SANTA CRUZ DE CHUCA,"100,0","100,0",452,421
131008,LA LIBERTAD,SANTIAGO DE CHUCO,SITABAMBA,"100,0","95,6",435,398
131101,LA LIBERTAD,GRAN CHIMÚ,CASCAS,"100,0","97,8",465,440
131102,LA LIBERTAD,GRAN CHIMÚ,LUCMA,"100,0","98,3",442,406
131103,LA LIBERTAD,GRAN CHIMÚ,MARMOT,"100,0","96,6",457,430
131104,LA LIBERTAD,GRAN CHIMÚ,SAYAPULLO,"100,0","95,3",442,420
131201,LA LIBERTAD,VIRÚ,VIRU,"100,0","96,3",470,448
131202,LA LIBERTAD,VIRÚ,CHAO,"100,0","95,4",470,447
131203,LA LIBERTAD,VIRÚ,GUADALUPITO,"100,0","91,6",472,460
140101,LAMBAYEQUE,CHICLAYO,CHICLAYO,"99,2","94,6",512,492
140102,LAMBAYEQUE,CHICLAYO,CHONGOYAPE,"100,0","95,7",471,447
140103,LAMBAYEQUE,CHICLAYO,ETEN,"100,0","93,6",505,516
140104,LAMBAYEQUE,CHICLAYO,ETEN PUERTO,"100,0","72,7",-,-
140105,LAMBAYEQUE,CHICLAYO,JOSE LEONARDO ORTIZ,"100,0","93,6",496,475
140106,LAMBAYEQUE,CHICLAYO,LA VICTORIA,"100,0","94,2",504,483
140107,LAMBAYEQUE,CHICLAYO,LAGUNAS,"100,0","95,3",473,456
140108,LAMBAYEQUE,CHICLAYO,MONSEFU,"100,0","93,2",484,469
140109,LAMBAYEQUE,CHICLAYO,NUEVA ARICA,"100,0","90,9",449,414
140110,LAMBAYEQUE,CHICLAYO,OYOTUN,"100,0","92,2",466,443
140111,LAMBAYEQUE,CHICLAYO,PICSI,"100,0","92,0",488,448
140112,LAMBAYEQUE,CHICLAYO,PIMENTEL,"100,0","94,2",511,488
140113,LAMBAYEQUE,CHICLAYO,REQUE,"100,0","95,3",503,488
140114,LAMBAYEQUE,CHICLAYO,SANTA ROSA,"100,0","93,5",489,470
140115,LAMBAYEQUE,CHICLAYO,SAÑA,"100,0","90,3",468,447
140116,LAMBAYEQUE,CHICLAYO,CAYALTI,"100,0","96,1",462,429
140117,LAMBAYEQUE,CHICLAYO,PATAPO,"100,0","95,0",482,457
140118,LAMBAYEQUE,CHICLAYO,POMALCA,"100,0","91,5",482,455
140119,LAMBAYEQUE,CHICLAYO,PUCALA,"100,0","95,2",496,480
140120,LAMBAYEQUE,CHICLAYO,TUMAN,"100,0","92,4",488,463
140201,LAMBAYEQUE,FERREÑAFE,FERREÑAFE,"100,0","96,1",503,481
140202,LAMBAYEQUE,FERREÑAFE,CAÑARIS,"100,0","94,9",410,369
140203,LAMBAYEQUE,FERREÑAFE,INCAHUASI,"100,0","100,0",410,381
140204,LAMBAYEQUE,FERREÑAFE,MANUEL ANTONIO MESONES MURO,"100,0","96,9",474,452
140205,LAMBAYEQUE,FERREÑAFE,PITIPO,"100,0","97,6",484,466
140206,LAMBAYEQUE,FERREÑAFE,PUEBLO NUEVO,"100,0","92,5",497,485
140301,LAMBAYEQUE,LAMBAYEQUE,LAMBAYEQUE,"100,0","96,1",493,472
140302,LAMBAYEQUE,LAMBAYEQUE,CHOCHOPE,"100,0","100,0",428,364
140303,LAMBAYEQUE,LAMBAYEQUE,ILLIMO,"100,0","95,9",462,446
140304,LAMBAYEQUE,LAMBAYEQUE,JAYANCA,"100,0","95,0",464,435
140305,LAMBAYEQUE,LAMBAYEQUE,MOCHUMI,"100,0","96,8",474,451
140306,LAMBAYEQUE,LAMBAYEQUE,MORROPE,"100,0","97,3",444,421
140307,LAMBAYEQUE,LAMBAYEQUE,MOTUPE,"100,0","95,8",462,435
140308,LAMBAYEQUE,LAMBAYEQUE,OLMOS,"100,0","93,5",446,414
140309,LAMBAYEQUE,LAMBAYEQUE,PACORA,"100,0","97,5",447,416
140310,LAMBAYEQUE,LAMBAYEQUE,SALAS,"100,0","96,8",445,420
140311,LAMBAYEQUE,LAMBAYEQUE,SAN JOSE,"100,0","96,7",478,468
140312,LAMBAYEQUE,LAMBAYEQUE,TUCUME,"100,0","92,7",467,442
150101,LIMA,LIMA,LIMA,"100,0","95,5",509,489
150102,LIMA,LIMA,ANCON,"100,0","95,8",495,474
150103,LIMA,LIMA,ATE,"100,0","93,7",502,485
150104,LIMA,LIMA,BARRANCO,"100,0","96,7",533,519
150105,LIMA,LIMA,BREÑA,"100,0","97,9",529,509
150106,LIMA,LIMA,CARABAYLLO,"100,0","93,0",496,477
150107,LIMA,LIMA,CHACLACAYO,"100,0","94,5",508,495
150108,LIMA,LIMA,CHORRILLOS,"100,0","95,5",520,509
150109,LIMA,LIMA,CIENEGUILLA,"100,0","96,8",501,484
150110,LIMA,LIMA,COMAS,"99,6","94,9",505,483
150111,LIMA,LIMA,EL AGUSTINO,"100,0","93,4",498,476
150112,LIMA,LIMA,INDEPENDENCIA,"100,0","92,4",495,471
150113,LIMA,LIMA,JESUS MARIA,"100,0","97,0",540,521
150114,LIMA,LIMA,LA MOLINA,"100,0","96,7",538,525
150115,LIMA,LIMA,LA VICTORIA,"100,0","95,2",499,475
150116,LIMA,LIMA,LINCE,"100,0","96,3",527,514
150117,LIMA,LIMA,LOS OLIVOS,"99,4","95,6",516,494
150118,LIMA,LIMA,LURIGANCHO,"100,0","95,7",499,479
150119,LIMA,LIMA,LURIN,"97,9","93,4",495,465
150120,LIMA,LIMA,MAGDALENA DEL MAR,"100,0","96,6",527,508
150121,LIMA,LIMA,PUEBLO LIBRE,"100,0","96,3",536,523
150122,LIMA,LIMA,MIRAFLORES,"100,0","97,0",554,543
150123,LIMA,LIMA,PACHACAMAC,"100,0","96,0",496,475
150124,LIMA,LIMA,PUCUSANA,"100,0","96,7",483,461
150125,LIMA,LIMA,PUENTE PIEDRA,"100,0","96,1",502,482
150126,LIMA,LIMA,PUNTA HERMOSA,"100,0","95,8",482,454
150127,LIMA,LIMA,PUNTA NEGRA,"100,0","92,8",495,464
150128,LIMA,LIMA,RIMAC,"100,0","94,1",498,474
150129,LIMA,LIMA,SAN BARTOLO,"100,0","98,0",493,459
150130,LIMA,LIMA,SAN BORJA,"100,0","96,7",542,529
150131,LIMA,LIMA,SAN ISIDRO,"100,0","97,3",562,550
150132,LIMA,LIMA,SAN JUAN DE LURIGANCHO,"99,8","94,2",501,482
150133,LIMA,LIMA,SAN JUAN DE MIRAFLORES,"99,4","94,0",499,475
150134,LIMA,LIMA,SAN LUIS,"100,0","92,7",518,502
150135,LIMA,LIMA,SAN MARTIN DE PORRES,"99,7","92,8",504,478
150136,LIMA,LIMA,SAN MIGUEL,"100,0","92,6",532,515
150137,LIMA,LIMA,SANTA ANITA,"100,0","94,8",510,492
150138,LIMA,LIMA,SANTA MARIA DEL MAR,"100,0","100,0",547,532
150139,LIMA,LIMA,SANTA ROSA,"100,0","87,0",492,462
150140,LIMA,LIMA,SANTIAGO DE SURCO,"100,0","96,7",541,532
150141,LIMA,LIMA,SURQUILLO,"100,0","96,0",538,520
150142,LIMA,LIMA,VILLA EL SALVADOR,"100,0","93,4",498,472
150143,LIMA,LIMA,VILLA MARIA DEL TRIUNFO,"99,5","94,0",496,473
150201,LIMA,BARRANCA,BARRANCA,"100,0","95,0",501,481
150202,LIMA,BARRANCA,PARAMONGA,"100,0","96,4",484,457
150203,LIMA,BARRANCA,PATIVILCA,"100,0","97,7",472,456
150204,LIMA,BARRANCA,SUPE,"100,0","98,8",481,455
150205,LIMA,BARRANCA,SUPE PUERTO,"100,0","97,0",474,465
150301,LIMA,CAJATAMBO,CAJATAMBO,"100,0","100,0",497,493
150302,LIMA,CAJATAMBO,COPA,"100,0","100,0",437,377
150303,LIMA,CAJATAMBO,GORGOR,"100,0","95,2",477,448
150304,LIMA,CAJATAMBO,HUANCAPON,"100,0","100,0",446,424
150305,LIMA,CAJATAMBO,MANAS,"100,0","100,0",467,444
150401,LIMA,CANTA,CANTA,"100,0","93,3",488,447
150402,LIMA,CANTA,ARAHUAY,"100,0","100,0",479,434
150403,LIMA,CANTA,HUAMANTANGA,"100,0","100,0",425,395
150404,LIMA,CANTA,HUAROS,"100,0","100,0",457,413
150405,LIMA,CANTA,LACHAQUI,"100,0","100,0",495,477
150407,LIMA,CANTA,SANTA ROSA DE QUIVES,"100,0","95,4",499,483
150501,LIMA,CAÑETE,SAN VICENTE DE CAÑETE,"100,0","97,0",499,481
150502,LIMA,CAÑETE,ASIA,"100,0","95,9",500,492
150503,LIMA,CAÑETE,CALANGO,"100,0","100,0",525,536
150504,LIMA,CAÑETE,CERRO AZUL,"100,0","93,6",472,453
150505,LIMA,CAÑETE,CHILCA,"100,0","96,2",489,464
150506,LIMA,CAÑETE,COAYLLO,"100,0","100,0",464,473
150507,LIMA,CAÑETE,IMPERIAL,"100,0","96,3",492,482
150508,LIMA,CAÑETE,LUNAHUANA,"100,0","98,1",506,525
150509,LIMA,CAÑETE,MALA,"100,0","96,2",502,492
150510,LIMA,CAÑETE,NUEVO IMPERIAL,"100,0","95,1",494,483
150511,LIMA,CAÑETE,PACARAN,"100,0","100,0",478,449
150512,LIMA,CAÑETE,QUILMANA,"100,0","95,5",487,471
150513,LIMA,CAÑETE,SAN ANTONIO,"100,0","94,9",522,530
150514,LIMA,CAÑETE,SAN LUIS,"100,0","97,6",488,474
150515,LIMA,CAÑETE,SANTA CRUZ DE FLORES,"100,0","100,0",496,489
150516,LIMA,CAÑETE,ZUÑIGA,"100,0","100,0",516,532
150601,LIMA,HUARAL,HUARAL,"100,0","95,9",498,479
150602,LIMA,HUARAL,ATAVILLOS ALTO,"100,0","75,0",-,-
150603,LIMA,HUARAL,ATAVILLOS BAJO,"100,0","90,9",454,394
150604,LIMA,HUARAL,AUCALLAMA,"100,0","95,9",471,444
150605,LIMA,HUARAL,CHANCAY,"100,0","97,0",493,473
150606,LIMA,HUARAL,IHUARI,"100,0","90,5",526,505
150608,LIMA,HUARAL,PACARAOS,"100,0","100,0",459,429
150609,LIMA,HUARAL,SAN MIGUEL DE ACOS,"100,0","78,6",-,-
150612,LIMA,HUARAL,VEINTISIETE DE NOVIEMBRE,"100,0","87,5",463,444
150701,LIMA,HUAROCHIRÍ,MATUCANA,"100,0","93,7",480,459
150702,LIMA,HUAROCHIRÍ,ANTIOQUIA,"100,0","100,0",501,460
150703,LIMA,HUAROCHIRÍ,CALLAHUANCA,"100,0","100,0",474,480
150704,LIMA,HUAROCHIRÍ,CARAMPOMA,"100,0","100,0",424,380
150705,LIMA,HUAROCHIRÍ,CHICLA,"100,0","90,2",499,467
150706,LIMA,HUAROCHIRÍ,CUENCA,"100,0","100,0",452,427
150709,LIMA,HUAROCHIRÍ,HUAROCHIRI,"100,0","93,8",432,414
150710,LIMA,HUAROCHIRÍ,LAHUAYTAMBO,"100,0","83,3",532,526
150711,LIMA,HUAROCHIRÍ,LANGA,"100,0","100,0",517,472
150713,LIMA,HUAROCHIRÍ,MARIATANA,"100,0","96,7",471,469
150714,LIMA,HUAROCHIRÍ,RICARDO PALMA,"100,0","93,3",476,443
150715,LIMA,HUAROCHIRÍ,SAN ANDRES DE TUPICOCHA,"100,0","100,0",460,478
150716,LIMA,HUAROCHIRÍ,SAN ANTONIO,"100,0","94,7",489,472
150717,LIMA,HUAROCHIRÍ,SAN BARTOLOMÉ,"100,0","80,0",465,443
150718,LIMA,HUAROCHIRÍ,SAN DAMIAN,"100,0","94,7",433,418
150719,LIMA,HUAROCHIRÍ,SAN JUAN DE IRIS,"100,0","100,0",498,479
150721,LIMA,HUAROCHIRÍ,SAN LORENZO DE QUINTI,"100,0","100,0",496,457
150722,LIMA,HUAROCHIRÍ,SAN MATEO,"100,0","98,7",485,455
150723,LIMA,HUAROCHIRÍ,SAN MATEO DE OTAO,"100,0","100,0",446,456
150727,LIMA,HUAROCHIRÍ,SANTA CRUZ DE COCACHACRA,"100,0","90,5",491,462
150728,LIMA,HUAROCHIRÍ,SANTA EULALIA,"100,0","94,3",486,468
150731,LIMA,HUAROCHIRÍ,SANTO DOMINGO DE LOS OLLEROS,"100,0","93,1",477,448
150732,LIMA,HUAROCHIRÍ,SURCO,"100,0","100,0",470,474
150801,LIMA,HUAURA,HUACHO,"100,0","96,1",504,478
150802,LIMA,HUAURA,AMBAR,"100,0","100,0",435,398
150803,LIMA,HUAURA,CALETA DE CARQUIN,"100,0","91,3",486,463
150805,LIMA,HUAURA,HUALMAY,"100,0","95,6",494,471
150806,LIMA,HUAURA,HUAURA,"100,0","95,9",482,459
150807,LIMA,HUAURA,LEONCIO PRADO,"100,0","100,0",448,407
150808,LIMA,HUAURA,PACCHO,"100,0","93,3",441,434
150809,LIMA,HUAURA,SANTA LEONOR,"100,0","100,0",449,399
150810,LIMA,HUAURA,SANTA MARIA,"100,0","95,7",503,487
150811,LIMA,HUAURA,SAYAN,"100,0","97,3",473,449
150812,LIMA,HUAURA,VEGUETA,"100,0","97,6",484,460
150901,LIMA,OYÓN,OYON,"100,0","98,4",510,517
150903,LIMA,OYÓN,CAUJUL,"100,0","100,0",418,353
150904,LIMA,OYÓN,COCHAMARCA,"100,0","100,0",448,413
150905,LIMA,OYÓN,NAVAN,"100,0","100,0",478,423
150906,LIMA,OYÓN,PACHANGARA,"100,0","98,3",492,473
151001,LIMA,YAUYOS,YAUYOS,"100,0","100,0",505,504
151003,LIMA,YAUYOS,ALLAUCA,"100,0","100,0",455,420
151004,LIMA,YAUYOS,AYAVIRI,"100,0","100,0",453,453
151006,LIMA,YAUYOS,CACRA,"100,0","85,7",396,375
151008,LIMA,YAUYOS,CATAHUASI,"100,0","100,0",457,418
151009,LIMA,YAUYOS,CHOCOS,"100,0","83,3",430,397
151011,LIMA,YAUYOS,COLONIA,"100,0","89,5",454,427
151013,LIMA,YAUYOS,HUAMPARÁ,"100,0","100,0",464,444
151014,LIMA,YAUYOS,HUANCAYA,"100,0","81,8",509,520
151015,LIMA,YAUYOS,HUANGASCAR,"100,0","87,5",463,444
151016,LIMA,YAUYOS,HUANTAN,"100,0","85,7",444,449
151017,LIMA,YAUYOS,HUÁÑEC,"100,0","100,0",443,411
151018,LIMA,YAUYOS,LARAOS,"100,0","77,8",-,-
151019,LIMA,YAUYOS,LINCHA,"100,0","100,0",390,326
151022,LIMA,YAUYOS,OMAS,"100,0","100,0",499,538
151023,LIMA,YAUYOS,PUTINZA,"100,0","100,0",464,470
151028,LIMA,YAUYOS,TANTA,"100,0","100,0",380,398
151030,LIMA,YAUYOS,TOMAS,"100,0","100,0",483,477
151032,LIMA,YAUYOS,VIÑAC,"100,0","100,0",464,436
160101,LORETO,MAYNAS,IQUITOS,"100,0","94,6",474,423
160102,LORETO,MAYNAS,ALTO NANAY,"50,0","47,5",-,-
160103,LORETO,MAYNAS,FERNANDO LORES,"100,0","94,2",422,373
160104,LORETO,MAYNAS,INDIANA,"100,0","86,6",383,323
160105,LORETO,MAYNAS,LAS AMAZONAS,"66,7","69,1",-,-
160106,LORETO,MAYNAS,MAZAN,"100,0","86,0",367,307
160107,LORETO,MAYNAS,NAPO,"96,4","84,0",366,303
160108,LORETO,MAYNAS,PUNCHANA,"91,2","87,6",431,384
160110,LORETO,MAYNAS,TORRES CAUSANA,"100,0","84,2",383,314
160112,LORETO,MAYNAS,BELEN,"100,0","90,8",434,381
160113,LORETO,MAYNAS,SAN JUAN BAUTISTA,"100,0","89,9",433,381
160201,LORETO,ALTO AMAZONAS,YURIMAGUAS,"100,0","93,3",454,411
160202,LORETO,ALTO AMAZONAS,BALSAPUERTO,"100,0","91,1",370,299
160205,LORETO,ALTO AMAZONAS,JEBEROS,"100,0","96,1",374,348
160206,LORETO,ALTO AMAZONAS,LAGUNAS,"93,3","90,0",422,379
160210,LORETO,ALTO AMAZONAS,SANTA CRUZ,"100,0","92,2",382,325
160211,LORETO,ALTO AMAZONAS,TENIENTE CESAR LOPEZ ROJAS,"100,0","92,8",391,347
160301,LORETO,LORETO,NAUTA,"100,0","93,3",410,357
160302,LORETO,LORETO,PARINARI,"92,3","88,2",400,367
160303,LORETO,LORETO,TIGRE,"100,0","89,3",368,306
160304,LORETO,LORETO,TROMPETEROS,"100,0","83,5",371,313
160305,LORETO,LORETO,URARINAS,"94,1","80,4",372,315
160401,LORETO,MARISCAL RAMÓN CASTILLA,RAMON CASTILLA,"100,0","83,9",395,342
160402,LORETO,MARISCAL RAMÓN CASTILLA,PEBAS,"100,0","86,6",396,348
160403,LORETO,MARISCAL RAMÓN CASTILLA,YAVARI,"100,0","75,2",-,-
160404,LORETO,MARISCAL RAMÓN CASTILLA,SAN PABLO,"100,0","81,6",388,337
160501,LORETO,REQUENA,REQUENA,"100,0","71,5",-,-
160502,LORETO,REQUENA,ALTO TAPICHE,"100,0","73,7",-,-
160503,LORETO,REQUENA,CAPELO,"100,0","81,5",346,309
160504,LORETO,REQUENA,EMILIO SAN MARTIN,"93,8","84,5",359,312
160505,LORETO,REQUENA,MAQUIA,"94,4","75,8",-,-
160506,LORETO,REQUENA,PUINAHUA,"100,0","82,3",388,344
160507,LORETO,REQUENA,SAQUENA,"100,0","89,7",387,352
160508,LORETO,REQUENA,SOPLIN,"100,0","71,4",-,-
160509,LORETO,REQUENA,TAPICHE,"100,0","78,9",-,-
160510,LORETO,REQUENA,JENARO HERRERA,"100,0","86,6",456,448
160511,LORETO,REQUENA,YAQUERANA,"100,0","100,0",379,319
160601,LORETO,UCAYALI,CONTAMANA,"100,0","91,6",418,369
160602,LORETO,UCAYALI,INAHUAYA,"100,0","87,1",419,360
160603,LORETO,UCAYALI,PADRE MARQUEZ,"100,0","94,0",446,429
160604,LORETO,UCAYALI,PAMPA HERMOSA,"100,0","93,9",400,344
160605,LORETO,UCAYALI,SARAYACU,"100,0","87,2",393,354
160606,LORETO,UCAYALI,VARGAS GUERRA,"100,0","85,5",394,341
160701,LORETO,DATEM DEL MARAÑÓN,BARRANCA,"100,0","91,6",411,359
160702,LORETO,DATEM DEL MARAÑÓN,CAHUAPANAS,"100,0","97,3",349,278
160703,LORETO,DATEM DEL MARAÑÓN,MANSERICHE,"100,0","88,3",402,354
160704,LORETO,DATEM DEL MARAÑÓN,MORONA,"100,0","89,4",378,336
160705,LORETO,DATEM DEL MARAÑÓN,PASTAZA,"100,0","83,6",366,308
160706,LORETO,DATEM DEL MARAÑÓN,ANDOAS,"100,0","70,0",-,-
160801,LORETO,PUTUMAYO,PUTUMAYO,"100,0","88,5",409,352
160802,LORETO,PUTUMAYO,ROSA PANDURO,"100,0","77,8",-,-
160803,LORETO,PUTUMAYO,TENIENTE MANUEL CLAVERO,"100,0","64,3",-,-
160804,LORETO,PUTUMAYO,YAGUAS,"100,0","83,3",419,368
170101,MADRE DE DIOS,TAMBOPATA,TAMBOPATA,"100,0","94,7",469,441
170102,MADRE DE DIOS,TAMBOPATA,INAMBARI,"100,0","89,0",461,438
170103,MADRE DE DIOS,TAMBOPATA,LAS PIEDRAS,"100,0","93,9",446,414
170104,MADRE DE DIOS,TAMBOPATA,LABERINTO,"100,0","95,1",439,416
170201,MADRE DE DIOS,MANU,MANU,"100,0","96,4",437,398
170203,MADRE DE DIOS,MANU,MADRE DE DIOS,"100,0","95,8",465,449
170204,MADRE DE DIOS,MANU,HUEPETUHE,"100,0","97,4",478,467
170301,MADRE DE DIOS,TAHUAMANU,IÑAPARI,"100,0","98,1",419,369
170302,MADRE DE DIOS,TAHUAMANU,IBERIA,"100,0","96,7",435,409
170303,MADRE DE DIOS,TAHUAMANU,TAHUAMANU,"100,0","100,0",438,401
180101,MOQUEGUA,MARISCAL NIETO,MOQUEGUA,"100,0","98,3",530,538
180104,MOQUEGUA,MARISCAL NIETO,SAMEGUA,"100,0","97,6",547,558
180105,MOQUEGUA,MARISCAL NIETO,SAN CRISTOBAL,"100,0","100,0",488,494
180106,MOQUEGUA,MARISCAL NIETO,TORATA,"100,0","97,5",561,570
180107,MOQUEGUA,MARISCAL NIETO,SAN ANTONIO,"100,0","99,0",513,521
180201,MOQUEGUA,GENERAL SÁNCHEZ CERRO,OMATE,"100,0","100,0",547,549
180202,MOQUEGUA,GENERAL SÁNCHEZ CERRO,CHOJATA,"100,0","100,0",499,485
180203,MOQUEGUA,GENERAL SÁNCHEZ CERRO,COALAQUE,"100,0","100,0",530,568
180204,MOQUEGUA,GENERAL SÁNCHEZ CERRO,ICHUÑA,"100,0","96,4",509,509
180208,MOQUEGUA,GENERAL SÁNCHEZ CERRO,PUQUINA,"100,0","91,7",495,531
180301,MOQUEGUA,ILO,ILO,"100,0","98,6",515,517
180302,MOQUEGUA,ILO,EL ALGARROBAL,"100,0","86,7",484,490
180303,MOQUEGUA,ILO,PACOCHA,"100,0","98,5",544,565
190101,PASCO,PASCO,CHAUPIMARCA,"100,0","99,8",507,507
190102,PASCO,PASCO,HUACHON,"100,0","96,1",493,509
190103,PASCO,PASCO,HUARIACA,"100,0","97,8",500,501
190104,PASCO,PASCO,HUAYLLAY,"100,0","97,9",493,479
190105,PASCO,PASCO,NINACACA,"100,0","98,8",471,466
190106,PASCO,PASCO,PALLANCHACRA,"100,0","95,8",472,459
190107,PASCO,PASCO,PAUCARTAMBO,"100,0","99,1",482,476
190108,PASCO,PASCO,SAN FRANCISCO DE ASIS DE YARUSYACAN,"100,0","100,0",460,460
190109,PASCO,PASCO,SIMON BOLIVAR,"100,0","98,5",502,485
190110,PASCO,PASCO,TICLACAYAN,"100,0","100,0",492,482
190111,PASCO,PASCO,TINYAHUARCO,"100,0","96,4",509,513
190112,PASCO,PASCO,VICCO,"100,0","91,7",497,505
190113,PASCO,PASCO,YANACANCHA,"100,0","98,3",505,500
190201,PASCO,DANIEL ALCIDES CARRIÓN,YANAHUANCA,"100,0","99,1",483,492
190202,PASCO,DANIEL ALCIDES CARRIÓN,CHACAYAN,"100,0","100,0",496,496
190204,PASCO,DANIEL ALCIDES CARRIÓN,PAUCAR,"100,0","100,0",497,498
190205,PASCO,DANIEL ALCIDES CARRIÓN,SAN PEDRO DE PILLAO,"100,0","100,0",480,473
190206,PASCO,DANIEL ALCIDES CARRIÓN,SANTA ANA DE TUSI,"100,0","98,0",467,467
190207,PASCO,DANIEL ALCIDES CARRIÓN,TAPUC,"100,0","100,0",438,404
190208,PASCO,DANIEL ALCIDES CARRIÓN,VILCABAMBA,"100,0","100,0",502,549
190301,PASCO,OXAPAMPA,OXAPAMPA,"100,0","98,3",497,476
190302,PASCO,OXAPAMPA,CHONTABAMBA,"100,0","91,7",506,485
190303,PASCO,OXAPAMPA,HUANCABAMBA,"100,0","99,1",473,453
190304,PASCO,OXAPAMPA,PALCAZU,"100,0","91,4",451,421
190305,PASCO,OXAPAMPA,POZUZO,"100,0","98,3",452,437
190306,PASCO,OXAPAMPA,PUERTO BERMUDEZ,"100,0","77,1",-,-
190307,PASCO,OXAPAMPA,VILLA RICA,"100,0","96,7",490,476
190308,PASCO,OXAPAMPA,CONSTITUCIÓN,"100,0","90,8",440,411
200101,PIURA,PIURA,PIURA,"100,0","94,9",508,482
200104,PIURA,PIURA,CASTILLA,"100,0","96,1",503,476
200105,PIURA,PIURA,CATACAOS,"100,0","96,6",484,457
200107,PIURA,PIURA,CURA MORI,"100,0","98,1",474,451
200108,PIURA,PIURA,EL TALLÁN,"100,0","89,9",453,426
200109,PIURA,PIURA,LA ARENA,"100,0","95,9",480,465
200110,PIURA,PIURA,LA UNION,"100,0","96,8",490,479
200111,PIURA,PIURA,LAS LOMAS,"100,0","97,7",467,425
200114,PIURA,PIURA,TAMBO GRANDE,"100,0","97,0",459,427
200115,PIURA,PIURA,VEINTISEIS DE OCTUBRE,"100,0","95,7",497,466
200201,PIURA,AYABACA,AYABACA,"100,0","96,5",452,425
200202,PIURA,AYABACA,FRIAS,"100,0","95,4",442,415
200203,PIURA,AYABACA,JILILI,"100,0","100,0",473,461
200204,PIURA,AYABACA,LAGUNAS,"100,0","99,0",448,411
200205,PIURA,AYABACA,MONTERO,"100,0","93,4",507,490
200206,PIURA,AYABACA,PACAIPAMPA,"100,0","95,6",422,390
200207,PIURA,AYABACA,PAIMAS,"100,0","98,5",475,469
200208,PIURA,AYABACA,SAPILLICA,"100,0","97,0",444,407
200209,PIURA,AYABACA,SICCHEZ,"100,0","100,0",482,438
200210,PIURA,AYABACA,SUYO,"100,0","95,8",477,453
200301,PIURA,HUANCABAMBA,HUANCABAMBA,"100,0","97,8",467,448
200302,PIURA,HUANCABAMBA,CANCHAQUE,"100,0","97,9",493,459
200303,PIURA,HUANCABAMBA,EL CARMEN DE LA FRONTERA,"100,0","98,9",440,411
200304,PIURA,HUANCABAMBA,HUARMACA,"100,0","96,6",424,392
200305,PIURA,HUANCABAMBA,LALAQUIZ,"100,0","100,0",439,408
200306,PIURA,HUANCABAMBA,SAN MIGUEL DE EL FAIQUE,"100,0","92,9",443,405
200307,PIURA,HUANCABAMBA,SONDOR,"100,0","98,4",431,394
200308,PIURA,HUANCABAMBA,SONDORILLO,"100,0","97,3",423,380
200401,PIURA,MORROPÓN,CHULUCANAS,"100,0","97,3",476,448
200402,PIURA,MORROPÓN,BUENOS AIRES,"100,0","99,0",458,430
200403,PIURA,MORROPÓN,CHALACO,"100,0","99,3",437,409
200404,PIURA,MORROPÓN,LA MATANZA,"100,0","98,6",472,447
200405,PIURA,MORROPÓN,MORROPON,"100,0","97,7",481,460
200406,PIURA,MORROPÓN,SALITRAL,"100,0","99,0",445,399
200407,PIURA,MORROPÓN,SAN JUAN DE BIGOTE,"100,0","94,5",448,438
200408,PIURA,MORROPÓN,SANTA CATALINA DE MOSSA,"100,0","93,2",496,497
200409,PIURA,MORROPÓN,SANTO DOMINGO,"100,0","98,3",486,467
200410,PIURA,MORROPÓN,YAMANGO,"100,0","97,3",446,419
200501,PIURA,PAITA,PAITA,"100,0","94,7",490,468
200502,PIURA,PAITA,AMOTAPE,"100,0","100,0",498,488
200503,PIURA,PAITA,ARENAL,"100,0","100,0",559,591
200504,PIURA,PAITA,COLAN,"100,0","97,1",487,472
200505,PIURA,PAITA,LA HUACA,"100,0","99,6",477,453
200506,PIURA,PAITA,TAMARINDO,"100,0","96,8",460,425
200507,PIURA,PAITA,VICHAYAL,"100,0","95,3",449,420
200601,PIURA,SULLANA,SULLANA,"100,0","97,1",484,457
200602,PIURA,SULLANA,BELLAVISTA,"100,0","92,8",482,452
200603,PIURA,SULLANA,IGNACIO ESCUDERO,"100,0","97,8",476,469
200604,PIURA,SULLANA,LANCONES,"100,0","95,6",467,438
200605,PIURA,SULLANA,MARCAVELICA,"100,0","97,8",477,462
200606,PIURA,SULLANA,MIGUEL CHECA,"100,0","98,8",477,468
200607,PIURA,SULLANA,QUERECOTILLO,"100,0","97,7",469,444
200608,PIURA,SULLANA,SALITRAL,"100,0","97,8",472,450
200701,PIURA,TALARA,PARIÑAS,"100,0","95,4",491,457
200702,PIURA,TALARA,EL ALTO,"100,0","95,9",481,460
200703,PIURA,TALARA,LA BREA,"100,0","95,8",499,468
200704,PIURA,TALARA,LOBITOS,"100,0","100,0",497,478
200705,PIURA,TALARA,LOS ORGANOS,"100,0","96,4",475,432
200706,PIURA,TALARA,MANCORA,"100,0","92,6",464,430
200801,PIURA,SECHURA,SECHURA,"100,0","96,3",483,472
200802,PIURA,SECHURA,BELLAVISTA DE LA UNION,"100,0","97,8",520,526
200803,PIURA,SECHURA,BERNAL,"100,0","98,4",485,478
200804,PIURA,SECHURA,CRISTO NOS VALGA,"100,0","98,8",452,442
200805,PIURA,SECHURA,VICE,"100,0","97,6",478,470
200806,PIURA,SECHURA,RINCONADA LLICUAR,"100,0","94,1",506,512
210101,PUNO,PUNO,PUNO,"100,0","98,6",517,524
210102,PUNO,PUNO,ACORA,"100,0","99,0",486,506
210104,PUNO,PUNO,ATUNCOLLA,"100,0","100,0",444,442
210105,PUNO,PUNO,CAPACHICA,"100,0","97,8",447,427
210106,PUNO,PUNO,CHUCUITO,"100,0","95,2",500,522
210107,PUNO,PUNO,COATA,"100,0","90,9",439,425
210108,PUNO,PUNO,HUATA,"100,0","100,0",458,458
210109,PUNO,PUNO,MAÑAZO,"100,0","97,5",484,512
210110,PUNO,PUNO,PAUCARCOLLA,"100,0","95,8",480,487
210111,PUNO,PUNO,PICHACANI,"100,0","100,0",453,459
210112,PUNO,PUNO,PLATERIA,"100,0","100,0",477,471
210114,PUNO,PUNO,TIQUILLACA,"100,0","100,0",494,522
210115,PUNO,PUNO,VILQUE,"100,0","97,2",509,474
210201,PUNO,AZÁNGARO,AZANGARO,"100,0","99,1",514,536
210203,PUNO,AZÁNGARO,ARAPA,"100,0","96,1",468,457
210204,PUNO,AZÁNGARO,ASILLO,"100,0","99,4",483,486
210205,PUNO,AZÁNGARO,CAMINACA,"100,0","83,3",663,629
210206,PUNO,AZÁNGARO,CHUPA,"100,0","100,0",492,545
210207,PUNO,AZÁNGARO,JOSE DOMINGO CHOQUEHUANCA,"100,0","100,0",479,501
210208,PUNO,AZÁNGARO,MUÑANI,"100,0","100,0",461,456
210209,PUNO,AZÁNGARO,POTONI,"100,0","100,0",532,559
210210,PUNO,AZÁNGARO,SAMAN,"100,0","96,6",462,443
210211,PUNO,AZÁNGARO,SAN ANTON,"100,0","98,8",483,492
210212,PUNO,AZÁNGARO,SAN JOSE,"100,0","100,0",428,425
210213,PUNO,AZÁNGARO,SAN JUAN DE SALINAS,"100,0","100,0",428,489
210214,PUNO,AZÁNGARO,SANTIAGO DE PUPUJA,"100,0","100,0",456,421
210215,PUNO,AZÁNGARO,TIRAPATA,"100,0","100,0",532,546
210301,PUNO,CARABAYA,MACUSANI,"100,0","97,6",486,476
210302,PUNO,CARABAYA,AJOYANI,"100,0","100,0",493,480
210303,PUNO,CARABAYA,AYAPATA,"100,0","98,8",483,488
210304,PUNO,CARABAYA,COASA,"100,0","100,0",472,460
210306,PUNO,CARABAYA,CRUCERO,"100,0","99,3",460,453
210307,PUNO,CARABAYA,ITUATA,"100,0","97,0",475,465
210308,PUNO,CARABAYA,OLLACHEA,"100,0","96,9",508,510
210309,PUNO,CARABAYA,SAN GABAN,"100,0","97,7",470,467
210310,PUNO,CARABAYA,USICAYOS,"100,0","91,7",465,479
210401,PUNO,CHUCUITO,JULI,"100,0","99,1",512,526
210402,PUNO,CHUCUITO,DESAGUADERO,"100,0","99,6",483,492
210403,PUNO,CHUCUITO,HUACULLANI,"100,0","97,1",445,452
210404,PUNO,CHUCUITO,KELLUYO,"100,0","100,0",470,452
210405,PUNO,CHUCUITO,PISACOMA,"100,0","100,0",479,483
210406,PUNO,CHUCUITO,POMATA,"100,0","96,4",463,465
210407,PUNO,CHUCUITO,ZEPITA,"100,0","98,9",458,449
210501,PUNO,EL COLLAO,ILAVE,"100,0","98,8",491,504
210503,PUNO,EL COLLAO,PILCUYO,"100,0","100,0",473,512
210504,PUNO,EL COLLAO,SANTA ROSA,"100,0","100,0",479,456
210505,PUNO,EL COLLAO,CONDURIRI,"100,0","100,0",442,410
210601,PUNO,HUANCANÉ,HUANCANE,"100,0","99,1",477,490
210602,PUNO,HUANCANÉ,COJATA,"100,0","100,0",459,469
210603,PUNO,HUANCANÉ,HUATASANI,"100,0","100,0",475,503
210604,PUNO,HUANCANÉ,INCHUPALLA,"100,0","100,0",424,446
210605,PUNO,HUANCANÉ,PUSI,"100,0","96,3",475,474
210606,PUNO,HUANCANÉ,ROSASPATA,"100,0","100,0",455,422
210607,PUNO,HUANCANÉ,TARACO,"100,0","100,0",477,477
210608,PUNO,HUANCANÉ,VILQUE CHICO,"100,0","100,0",472,443
210701,PUNO,LAMPA,LAMPA,"100,0","99,2",499,532
210702,PUNO,LAMPA,CABANILLA,"100,0","100,0",502,479
210703,PUNO,LAMPA,CALAPUJA,"100,0","100,0",485,434
210707,PUNO,LAMPA,PARATÍA,"100,0","100,0",499,515
210708,PUNO,LAMPA,PUCARA,"100,0","100,0",517,520
210709,PUNO,LAMPA,SANTA LUCIA,"100,0","97,7",516,520
210710,PUNO,LAMPA,VILAVILA,"100,0","100,0",528,528
210801,PUNO,MELGAR,AYAVIRI,"100,0","98,4",512,514
210802,PUNO,MELGAR,ANTAUTA,"100,0","95,8",482,449
210803,PUNO,MELGAR,CUPI,"100,0","90,0",499,519
210804,PUNO,MELGAR,LLALLI,"100,0","100,0",462,440
210805,PUNO,MELGAR,MACARI,"100,0","98,7",483,478
210806,PUNO,MELGAR,NUÑOA,"100,0","98,6",486,504
210807,PUNO,MELGAR,ORURILLO,"100,0","100,0",440,442
210808,PUNO,MELGAR,SANTA ROSA,"100,0","100,0",484,498
210809,PUNO,MELGAR,UMACHIRI,"100,0","100,0",458,432
210901,PUNO,MOHO,MOHO,"100,0","95,7",469,470
210902,PUNO,MOHO,CONIMA,"100,0","100,0",436,438
210903,PUNO,MOHO,HUAYRAPATA,"100,0","100,0",479,474
211001,PUNO,SAN ANTONIO DE PUTINA,PUTINA,"100,0","99,2",462,462
211002,PUNO,SAN ANTONIO DE PUTINA,ANANEA,"100,0","98,2",473,463
211004,PUNO,SAN ANTONIO DE PUTINA,QUILCAPUNCU,"100,0","100,0",457,441
211005,PUNO,SAN ANTONIO DE PUTINA,SINA,"100,0","100,0",474,494
211101,PUNO,SAN ROMÁN,JULIACA,"100,0","98,5",502,510
211102,PUNO,SAN ROMÁN,CABANA,"100,0","100,0",525,539
211103,PUNO,SAN ROMÁN,CABANILLAS,"100,0","98,9",496,532
211104,PUNO,SAN ROMÁN,CARACOTO,"100,0","96,1",508,539
211105,PUNO,SAN ROMÁN,SAN MIGUEL,"100,0","97,3",486,495
211201,PUNO,SANDIA,SANDIA,"100,0","97,6",469,480
211202,PUNO,SANDIA,CUYOCUYO,"100,0","96,8",474,449
211203,PUNO,SANDIA,LIMBANI,"100,0","97,3",492,477
211204,PUNO,SANDIA,PATAMBUCO,"100,0","96,4",471,506
211205,PUNO,SANDIA,PHARA,"100,0","98,0",495,495
211206,PUNO,SANDIA,QUIACA,"100,0","100,0",490,486
211207,PUNO,SANDIA,SAN JUAN DEL ORO,"100,0","95,0",458,447
211208,PUNO,SANDIA,YANAHUAYA,"100,0","100,0",480,478
211209,PUNO,SANDIA,ALTO INAMBARI,"100,0","94,5",459,457
211210,PUNO,SANDIA,SAN PEDRO DE PUTINA PUNCO,"100,0","97,4",485,505
211301,PUNO,YUNGUYO,YUNGUYO,"100,0","98,3",480,489
211302,PUNO,YUNGUYO,ANAPIA,"100,0","100,0",411,401
211303,PUNO,YUNGUYO,COPANI,"100,0","97,9",459,450
211306,PUNO,YUNGUYO,TINICACHI,"100,0","100,0",445,432
220101,SAN MARTÍN,MOYOBAMBA,MOYOBAMBA,"100,0","96,7",477,456
220102,SAN MARTÍN,MOYOBAMBA,CALZADA,"100,0","96,4",515,507
220103,SAN MARTÍN,MOYOBAMBA,HABANA,"100,0","94,2",466,442
220104,SAN MARTÍN,MOYOBAMBA,JEPELACIO,"100,0","97,9",462,433
220105,SAN MARTÍN,MOYOBAMBA,SORITOR,"100,0","97,7",470,448
220106,SAN MARTÍN,MOYOBAMBA,YANTALO,"100,0","93,0",491,457
220201,SAN MARTÍN,BELLAVISTA,BELLAVISTA,"100,0","96,3",457,420
220202,SAN MARTÍN,BELLAVISTA,ALTO BIAVO,"100,0","90,2",413,374
220203,SAN MARTÍN,BELLAVISTA,BAJO BIAVO,"100,0","97,8",423,389
220204,SAN MARTÍN,BELLAVISTA,HUALLAGA,"100,0","96,9",394,391
220205,SAN MARTÍN,BELLAVISTA,SAN PABLO,"100,0","97,3",430,386
220206,SAN MARTÍN,BELLAVISTA,SAN RAFAEL,"100,0","98,3",445,415
220301,SAN MARTÍN,EL DORADO,SAN JOSE DE SISA,"100,0","98,7",440,403
220302,SAN MARTÍN,EL DORADO,AGUA BLANCA,"100,0","97,6",432,389
220303,SAN MARTÍN,EL DORADO,SAN MARTIN,"100,0","91,8",422,381
220304,SAN MARTÍN,EL DORADO,SANTA ROSA,"100,0","94,9",418,373
220305,SAN MARTÍN,EL DORADO,SHATOJA,"100,0","100,0",426,380
220401,SAN MARTÍN,HUALLAGA,SAPOSOA,"100,0","97,2",469,448
220402,SAN MARTÍN,HUALLAGA,ALTO SAPOSOA,"100,0","98,1",416,368
220403,SAN MARTÍN,HUALLAGA,EL ESLABON,"100,0","100,0",468,435
220404,SAN MARTÍN,HUALLAGA,PISCOYACU,"100,0","100,0",443,402
220405,SAN MARTÍN,HUALLAGA,SACANCHE,"100,0","96,4",438,410
220406,SAN MARTÍN,HUALLAGA,TINGO DE SAPOSOA,"100,0","88,9",449,423
220501,SAN MARTÍN,LAMAS,LAMAS,"100,0","97,9",462,414
220502,SAN MARTÍN,LAMAS,ALONSO DE ALVARADO,"100,0","97,0",445,421
220503,SAN MARTÍN,LAMAS,BARRANQUITA,"100,0","94,1",438,390
220504,SAN MARTÍN,LAMAS,CAYNARACHI,"100,0","94,4",449,407
220505,SAN MARTÍN,LAMAS,CUÑUMBUQUI,"100,0","100,0",429,383
220506,SAN MARTÍN,LAMAS,PINTO RECODO,"100,0","99,3",429,398
220507,SAN MARTÍN,LAMAS,RUMISAPA,"100,0","98,3",436,387
220508,SAN MARTÍN,LAMAS,SAN ROQUE DE CUMBAZA,"100,0","100,0",415,375
220509,SAN MARTÍN,LAMAS,SHANAO,"100,0","100,0",502,431
220510,SAN MARTÍN,LAMAS,TABALOSOS,"100,0","96,8",430,385
220511,SAN MARTÍN,LAMAS,ZAPATERO,"100,0","98,7",422,370
220601,SAN MARTÍN,MARISCAL CÁCERES,JUANJUI,"100,0","97,7",455,419
220602,SAN MARTÍN,MARISCAL CÁCERES,CAMPANILLA,"100,0","95,1",435,404
220603,SAN MARTÍN,MARISCAL CÁCERES,HUICUNGO,"100,0","96,1",434,390
220604,SAN MARTÍN,MARISCAL CÁCERES,PACHIZA,"100,0","93,6",432,383
220605,SAN MARTÍN,MARISCAL CÁCERES,PAJARILLO,"100,0","97,9",433,373
220701,SAN MARTÍN,PICOTA,PICOTA,"100,0","94,6",474,445
220702,SAN MARTÍN,PICOTA,BUENOS AIRES,"100,0","97,1",455,397
220703,SAN MARTÍN,PICOTA,CASPISAPA,"100,0","100,0",446,391
220704,SAN MARTÍN,PICOTA,PILLUANA,"100,0","100,0",412,353
220705,SAN MARTÍN,PICOTA,PUCACACA,"100,0","95,6",412,354
220706,SAN MARTÍN,PICOTA,SAN CRISTOBAL,"100,0","88,2",440,377
220707,SAN MARTÍN,PICOTA,SAN HILARION,"100,0","94,3",445,406
220708,SAN MARTÍN,PICOTA,SHAMBOYACU,"100,0","96,0",420,383
220709,SAN MARTÍN,PICOTA,TINGO DE PONASA,"100,0","97,9",428,399
220710,SAN MARTÍN,PICOTA,TRES UNIDOS,"100,0","94,7",439,395
220801,SAN MARTÍN,RIOJA,RIOJA,"100,0","98,4",483,465
220802,SAN MARTÍN,RIOJA,AWAJUN,"100,0","94,5",448,430
220803,SAN MARTÍN,RIOJA,ELIAS SOPLIN VARGAS,"100,0","98,1",466,454
220804,SAN MARTÍN,RIOJA,NUEVA CAJAMARCA,"100,0","98,1",466,448
220805,SAN MARTÍN,RIOJA,PARDO MIGUEL,"100,0","98,3",455,425
220806,SAN MARTÍN,RIOJA,POSIC,"100,0","95,7",495,479
220807,SAN MARTÍN,RIOJA,SAN FERNANDO,"100,0","94,5",471,474
220808,SAN MARTÍN,RIOJA,YORONGOS,"100,0","97,6",445,431
220809,SAN MARTÍN,RIOJA,YURACYACU,"100,0","95,1",485,471
220901,SAN MARTÍN,SAN MARTÍN,TARAPOTO,"100,0","97,7",486,458
220902,SAN MARTÍN,SAN MARTÍN,ALBERTO LEVEAU,"100,0","100,0",422,347
220903,SAN MARTÍN,SAN MARTÍN,CACATACHI,"100,0","92,7",449,402
220904,SAN MARTÍN,SAN MARTÍN,CHAZUTA,"100,0","97,1",422,379
220905,SAN MARTÍN,SAN MARTÍN,CHIPURANA,"100,0","93,8",432,406
220906,SAN MARTÍN,SAN MARTÍN,EL PORVENIR,"100,0","100,0",451,438
220907,SAN MARTÍN,SAN MARTÍN,HUIMBAYOC,"100,0","87,7",393,344
220908,SAN MARTÍN,SAN MARTÍN,JUAN GUERRA,"100,0","95,9",477,448
220909,SAN MARTÍN,SAN MARTÍN,LA BANDA DE SHILCAYO,"100,0","95,2",471,441
220910,SAN MARTÍN,SAN MARTÍN,MORALES,"100,0","94,2",479,442
220911,SAN MARTÍN,SAN MARTÍN,PAPAPLAYA,"100,0","90,6",395,323
220912,SAN MARTÍN,SAN MARTÍN,SAN ANTONIO,"100,0","97,3",446,390
220913,SAN MARTÍN,SAN MARTÍN,SAUCE,"100,0","90,2",438,405
220914,SAN MARTÍN,SAN MARTÍN,SHAPAJA,"100,0","94,3",445,409
221001,SAN MARTÍN,TOCACHE,TOCACHE,"100,0","96,1",464,438
221002,SAN MARTÍN,TOCACHE,NUEVO PROGRESO,"100,0","92,5",467,447
221003,SAN MARTÍN,TOCACHE,POLVORA,"100,0","95,3",457,432
221004,SAN MARTÍN,TOCACHE,SHUNTE,"100,0","100,0",447,414
221005,SAN MARTÍN,TOCACHE,UCHIZA,"100,0","96,2",473,456
221006,SAN MARTÍN,TOCACHE,SANTA LUCÍA,"100,0","92,0",474,446
230101,TACNA,TACNA,TACNA,"100,0","98,3",536,558
230102,TACNA,TACNA,ALTO DE LA ALIANZA,"100,0","98,0",495,516
230103,TACNA,TACNA,CALANA,"100,0","91,7",472,464
230104,TACNA,TACNA,CIUDAD NUEVA,"100,0","99,1",502,535
230105,TACNA,TACNA,INCLAN,"100,0","100,0",477,475
230106,TACNA,TACNA,PACHIA,"100,0","100,0",546,510
230107,TACNA,TACNA,PALCA,"100,0","100,0",433,368
230108,TACNA,TACNA,POCOLLAY,"100,0","97,5",518,522
230109,TACNA,TACNA,SAMA,"100,0","100,0",514,532
230110,TACNA,TACNA,CORONEL GREGORIO ALBARRACIN LANCHIPA,"100,0","98,6",518,539
230111,TACNA,TACNA,LA YARADA LOS PALOS,"100,0","98,8",503,509
230201,TACNA,CANDARAVE,CANDARAVE,"100,0","100,0",518,538
230203,TACNA,CANDARAVE,CAMILACA,"100,0","100,0",438,426
230205,TACNA,CANDARAVE,HUANUARA,"100,0","100,0",529,586
230301,TACNA,JORGE BASADRE,LOCUMBA,"100,0","98,0",547,565
230302,TACNA,JORGE BASADRE,ILABAYA,"100,0","96,3",544,541
230303,TACNA,JORGE BASADRE,ITE,"100,0","98,3",541,561
230401,TACNA,TARATA,TARATA,"100,0","100,0",490,516
230408,TACNA,TARATA,TICACO,"100,0","100,0",528,537
240101,TUMBES,TUMBES,TUMBES,"100,0","93,3",467,431
240102,TUMBES,TUMBES,CORRALES,"100,0","94,1",453,419
240103,TUMBES,TUMBES,LA CRUZ,"100,0","93,2",470,445
240104,TUMBES,TUMBES,PAMPAS DE HOSPITAL,"100,0","98,4",425,378
240105,TUMBES,TUMBES,SAN JACINTO,"100,0","94,6",458,442
240106,TUMBES,TUMBES,SAN JUAN DE LA VIRGEN,"100,0","96,7",466,421
240201,TUMBES,CONTRALMIRANTE VILLAR,ZORRITOS,"100,0","96,3",474,444
240202,TUMBES,CONTRALMIRANTE VILLAR,CASITAS,"100,0","100,0",396,345
240203,TUMBES,CONTRALMIRANTE VILLAR,CANOAS DE PUNTA SAL,"100,0","96,4",437,400
240301,TUMBES,ZARUMILLA,ZARUMILLA,"100,0","93,1",460,430
240302,TUMBES,ZARUMILLA,AGUAS VERDES,"100,0","87,1",436,403
240303,TUMBES,ZARUMILLA,MATAPALO,"100,0","99,1",444,416
240304,TUMBES,ZARUMILLA,PAPAYAL,"100,0","96,7",460,432
250101,UCAYALI,CORONEL PORTILLO,CALLERIA,"100,0","95,0",478,439
250102,UCAYALI,CORONEL PORTILLO,CAMPOVERDE,"100,0","90,3",440,399
250103,UCAYALI,CORONEL PORTILLO,IPARIA,"100,0","72,5",-,-
250104,UCAYALI,CORONEL PORTILLO,MASISEA,"100,0","87,9",410,356
250105,UCAYALI,CORONEL PORTILLO,YARINACOCHA,"100,0","91,9",449,402
250106,UCAYALI,CORONEL PORTILLO,NUEVA REQUENA,"100,0","98,0",412,372
250107,UCAYALI,CORONEL PORTILLO,MANANTAY,"100,0","90,6",447,408
250201,UCAYALI,ATALAYA,RAYMONDI,"100,0","90,0",424,381
250202,UCAYALI,ATALAYA,SEPAHUA,"100,0","97,9",431,378
250203,UCAYALI,ATALAYA,TAHUANIA,"100,0","67,6",-,-
250204,UCAYALI,ATALAYA,YURUA,"100,0","77,8",-,-
250301,UCAYALI,PADRE ABAD,PADRE ABAD,"100,0","94,0",452,418
250302,UCAYALI,PADRE ABAD,IRAZOLA,"100,0","95,5",456,442
250303,UCAYALI,PADRE ABAD,CURIMANA,"100,0","89,4",445,406
250304,UCAYALI,PADRE ABAD,NESHUYA,"100,0","89,0",442,400
250305,UCAYALI,PADRE ABAD,ALEXANDER VON HUMBOLDT,"100,0","92,8",467,457
250306,UCAYALI,PADRE ABAD,HUIPOCA,"100,0","90,0",427,400
250307,UCAYALI,PADRE ABAD,BOQUERÓN,"100,0","94,3",466,442
250401,UCAYALI,PURÚS,PURUS,"100,0","81,0",373,313
,,,,,,,
Fuente: Minedu - UMC. Evaluación Censal de Estudiantes (ECE) 2024. Cuarto Grado de primaria.,,,,,,,