Departamento,Actividad_Economica,Año,VAB_precios_constantes_2007_miles_soles
Amazonas,Administración Pública y Defensa,2016,280083.0
Amazonas,"Electricidad, Gas y Agua",2016,32680.0
Amazonas,Telecom. y Otros Serv. de Información,2016,54385.0
Amazonas,Administración Pública y Defensa,2018,302870.0
Amazonas,"Electricidad, Gas y Agua",2018,36549.0
Amazonas,Telecom. y Otros Serv. de Información,2018,63345.0
Apurímac,Administración Pública y Defensa,2016,289305.0
Apurímac,"Electricidad, Gas y Agua",2016,40299.0
Apurímac,Telecom. y Otros Serv. de Información,2016,51781.0
Apurímac,Administración Pública y Defensa,2018,315450.0
Apurímac,"Electricidad, Gas y Agua",2018,46425.0
Apurímac,Telecom. y Otros Serv. de Información,2018,56069.0
Arequipa,Administración Pública y Defensa,2016,862133.0
Arequipa,"Electricidad, Gas y Agua",2016,289112.0
Arequipa,Telecom. y Otros Serv. de Información,2016,967344.0
Arequipa,Administración Pública y Defensa,2018,949813.0
Arequipa,"Electricidad, Gas y Agua",2018,302127.0
Arequipa,Telecom. y Otros Serv. de Información,2018,1112326.0
Ayacucho,Administración Pública y Defensa,2016,442378.0
Ayacucho,"Electricidad, Gas y Agua",2016,35597.0
Ayacucho,Telecom. y Otros Serv. de Información,2016,174710.0
Ayacucho,Administración Pública y Defensa,2018,492931.0
Ayacucho,"Electricidad, Gas y Agua",2018,39679.0
Ayacucho,Telecom. y Otros Serv. de Información,2018,215619.0
Cajamarca,Administración Pública y Defensa,2016,876369.0
Cajamarca,"Electricidad, Gas y Agua",2016,145362.0
Cajamarca,Telecom. y Otros Serv. de Información,2016,339939.0
Cajamarca,Administración Pública y Defensa,2018,973558.0
Cajamarca,"Electricidad, Gas y Agua",2018,175882.0
Cajamarca,Telecom. y Otros Serv. de Información,2018,392996.0
Cusco,Administración Pública y Defensa,2016,799568.0
Cusco,"Electricidad, Gas y Agua",2016,253924.0
Cusco,Telecom. y Otros Serv. de Información,2016,484937.0
Cusco,Administración Pública y Defensa,2018,898876.0
Cusco,"Electricidad, Gas y Agua",2018,275531.0
Cusco,Telecom. y Otros Serv. de Información,2018,511898.0
Huancavelica,Administración Pública y Defensa,2016,323074.0
Huancavelica,"Electricidad, Gas y Agua",2016,851077.0
Huancavelica,Telecom. y Otros Serv. de Información,2016,27572.0
Huancavelica,Administración Pública y Defensa,2018,360197.0
Huancavelica,"Electricidad, Gas y Agua",2018,1129287.0
Huancavelica,Telecom. y Otros Serv. de Información,2018,31263.0
Huánuco,Administración Pública y Defensa,2016,536964.0
Huánuco,"Electricidad, Gas y Agua",2016,111524.0
Huánuco,Telecom. y Otros Serv. de Información,2016,202087.0
Huánuco,Administración Pública y Defensa,2018,600651.0
Huánuco,"Electricidad, Gas y Agua",2018,364012.0
Huánuco,Telecom. y Otros Serv. de Información,2018,220337.0
Ica,Administración Pública y Defensa,2016,506654.0
Ica,"Electricidad, Gas y Agua",2016,238705.0
Ica,Telecom. y Otros Serv. de Información,2016,420872.0
Ica,Administración Pública y Defensa,2018,543283.0
Ica,"Electricidad, Gas y Agua",2018,276336.0
Ica,Telecom. y Otros Serv. de Información,2018,529318.0
Junín,Administración Pública y Defensa,2016,827456.0
Junín,"Electricidad, Gas y Agua",2016,330265.0
Junín,Telecom. y Otros Serv. de Información,2016,490849.0
Junín,Administración Pública y Defensa,2018,925815.0
Junín,"Electricidad, Gas y Agua",2018,388707.0
Junín,Telecom. y Otros Serv. de Información,2018,575488.0
La Libertad,Administración Pública y Defensa,2016,993610.0
La Libertad,"Electricidad, Gas y Agua",2016,243686.0
La Libertad,Telecom. y Otros Serv. de Información,2016,994168.0
La Libertad,Administración Pública y Defensa,2018,1075544.0
La Libertad,"Electricidad, Gas y Agua",2018,218544.0
La Libertad,Telecom. y Otros Serv. de Información,2018,1196505.0
Lambayeque,Administración Pública y Defensa,2016,764005.0
Lambayeque,"Electricidad, Gas y Agua",2016,127661.0
Lambayeque,Telecom. y Otros Serv. de Información,2016,663412.0
Lambayeque,Administración Pública y Defensa,2018,815803.0
Lambayeque,"Electricidad, Gas y Agua",2018,126664.0
Lambayeque,Telecom. y Otros Serv. de Información,2018,746628.0
Lima,Administración Pública y Defensa,2016,12482457.0
Lima,"Electricidad, Gas y Agua",2016,5007363.0
Lima,Telecom. y Otros Serv. de Información,2016,13336892.0
Lima,Administración Pública y Defensa,2018,13302086.0
Lima,"Electricidad, Gas y Agua",2018,4933879.0
Lima,Telecom. y Otros Serv. de Información,2018,14991967.0
Loreto,Administración Pública y Defensa,2016,650847.0
Loreto,"Electricidad, Gas y Agua",2016,104206.0
Loreto,Telecom. y Otros Serv. de Información,2016,264324.0
Loreto,Administración Pública y Defensa,2018,723295.0
Loreto,"Electricidad, Gas y Agua",2018,109151.0
Loreto,Telecom. y Otros Serv. de Información,2018,310335.0
Madre de Dios,Administración Pública y Defensa,2016,103724.0
Madre de Dios,"Electricidad, Gas y Agua",2016,17994.0
Madre de Dios,Telecom. y Otros Serv. de Información,2016,46441.0
Madre de Dios,Administración Pública y Defensa,2018,112922.0
Madre de Dios,"Electricidad, Gas y Agua",2018,20526.0
Madre de Dios,Telecom. y Otros Serv. de Información,2018,48908.0
Moquegua,Administración Pública y Defensa,2016,229623.0
Moquegua,"Electricidad, Gas y Agua",2016,392139.0
Moquegua,Telecom. y Otros Serv. de Información,2016,85131.0
Moquegua,Administración Pública y Defensa,2018,238765.0
Moquegua,"Electricidad, Gas y Agua",2018,218787.0
Moquegua,Telecom. y Otros Serv. de Información,2018,99421.0
Pasco,Administración Pública y Defensa,2016,208774.0
Pasco,"Electricidad, Gas y Agua",2016,62777.0
Pasco,Telecom. y Otros Serv. de Información,2016,57884.0
Pasco,Administración Pública y Defensa,2018,223997.0
Pasco,"Electricidad, Gas y Agua",2018,72273.0
Pasco,Telecom. y Otros Serv. de Información,2018,63844.0
Piura,Administración Pública y Defensa,2016,1142032.0
Piura,"Electricidad, Gas y Agua",2016,317449.0
Piura,Telecom. y Otros Serv. de Información,2016,638874.0
Piura,Administración Pública y Defensa,2018,1207441.0
Piura,"Electricidad, Gas y Agua",2018,361714.0
Piura,Telecom. y Otros Serv. de Información,2018,736917.0
Puno,Administración Pública y Defensa,2016,707560.0
Puno,"Electricidad, Gas y Agua",2016,128293.0
Puno,Telecom. y Otros Serv. de Información,2016,329231.0
Puno,Administración Pública y Defensa,2018,756453.0
Puno,"Electricidad, Gas y Agua",2018,148465.0
Puno,Telecom. y Otros Serv. de Información,2018,383408.0
San Martín,Administración Pública y Defensa,2016,502375.0
San Martín,"Electricidad, Gas y Agua",2016,44911.0
San Martín,Telecom. y Otros Serv. de Información,2016,188289.0
San Martín,Administración Pública y Defensa,2018,554199.0
San Martín,"Electricidad, Gas y Agua",2018,38345.0
San Martín,Telecom. y Otros Serv. de Información,2018,214069.0
Tacna,Administración Pública y Defensa,2016,303029.0
Tacna,"Electricidad, Gas y Agua",2016,68463.0
Tacna,Telecom. y Otros Serv. de Información,2016,215896.0
Tacna,Administración Pública y Defensa,2018,318701.0
Tacna,"Electricidad, Gas y Agua",2018,73636.0
Tacna,Telecom. y Otros Serv. de Información,2018,259710.0
Tumbes,Administración Pública y Defensa,2016,189829.0
Tumbes,"Electricidad, Gas y Agua",2016,19168.0
Tumbes,Telecom. y Otros Serv. de Información,2016,118389.0
Tumbes,Administración Pública y Defensa,2018,205191.0
Tumbes,"Electricidad, Gas y Agua",2018,20226.0
Tumbes,Telecom. y Otros Serv. de Información,2018,132146.0
Ucayali,Administración Pública y Defensa,2016,320362.0
Ucayali,"Electricidad, Gas y Agua",2016,54901.0
Ucayali,Telecom. y Otros Serv. de Información,2016,183773.0
Ucayali,Administración Pública y Defensa,2018,350333.0
Ucayali,"Electricidad, Gas y Agua",2018,57624.0
Ucayali,Telecom. y Otros Serv. de Información,2018,214407.0
Áncash,Administración Pública y Defensa,2016,851789.0
Áncash,"Electricidad, Gas y Agua",2016,426444.0
Áncash,Telecom. y Otros Serv. de Información,2016,474820.0
Áncash,Administración Pública y Defensa,2018,942826.0
Áncash,"Electricidad, Gas y Agua",2018,427851.0
Áncash,Telecom. y Otros Serv. de Información,2018,579076.0
