PROVINCIA,LECT_EN INICIO_2016,LECT_EN PROCESO_2016,MAT_EN INICIO_2016,MAT_EN PROCESO_2016,MEDIDA PROMEDIO MATEMATICA_2016,LECT_EN INICIO_2018,LECT_EN PROCESO_2018,MAT_EN INICIO_2018,MAT_EN PROCESO_2018,MEDIDA PROMEDIO MATEMATICA_2018,CUARTIL_2024,REGION_ANCASH,REGION_APURIMAC,REGION_AREQUIPA,REGION_AYACUCHO,REGION_CAJAMARCA,REGION_CUSCO,REGION_HUANCAVELICA,REGION_HUANUCO,REGION_ICA,REGION_JUNIN,REGION_LA LIBERTAD,REGION_LAMBAYEQUE,REGION_LIMA,REGION_LORETO,REGION_MADRE DE DIOS,REGION_MOQUEGUA,REGION_PASCO,REGION_PIURA,REGION_PUNO,REGION_SAN MARTIN,REGION_TACNA,REGION_TUMBES,REGION_UCAYALI
BAGUA,41.93333333333333,24.816666666666663,27.266666666666666,31.98333333333333,439.6666666666667,33.18,29.880000000000003,27.96,45.260000000000005,454.6,2,False,False,False,False,False,False,False,False,False,False,False,False,False,False,False,False,False,False,False,False,False,False,False
BONGARÁ,39.2625,32.4625,28.525,41.6,433.625,16.85,31.675,23.9875,31.4875,477.25,0,False,False,False,False,False,False,False,False,False,False,False,False,False,False,False,False,False,False,False,False,False,False,False
CHACHAPOYAS,29.807142857142857,34.34285714285714,19.5,46.62857142857143,464.4285714285714,25.966666666666665,34.38,17.89333333333333,47.72,488.1333333333333,0,False,False,False,False,False,False,False,False,False,False,False,False,False,False,False,False,False,False,False,False,False,False,False
CONDORCANQUI,34.150000000000006,11.75,22.35,26.6,371.0,5.55,3.7,3.7,3.7,291.5,3,False,False,False,False,False,False,False,False,False,False,False,False,False,False,False,False,False,False,False,False,False,False,False
LUYA,26.976190476190474,39.457142857142856,20.81904761904762,44.24285714285715,474.04761904761904,26.227272727272727,35.78636363636363,21.604545454545452,41.18181818181818,478.59090909090907,0,False,False,False,False,False,False,False,False,False,False,False,False,False,False,False,False,False,False,False,False,False,False,False
RODRÍGUEZ DE MENDOZA,30.55555555555556,35.51111111111111,22.244444444444444,40.03333333333333,478.6666666666667,17.27,26.07,11.08,40.02,502.5,1,False,False,False,False,False,False,False,False,False,False,False,False,False,False,False,False,False,False,False,False,False,False,False
UTCUBAMBA,31.27142857142857,34.471428571428575,25.17142857142857,39.51428571428572,451.8571428571428,32.17142857142857,30.17142857142857,25.385714285714283,39.74285714285714,459.4285714285714,2,False,False,False,False,False,False,False,False,False,False,False,False,False,False,False,False,False,False,False,False,False,False,False
AIJA,32.78,32.1,25.68,33.64,429.8,34.480000000000004,38.62,26.059999999999995,38.08,430.0,0,True,False,False,False,False,False,False,False,False,False,False,False,False,False,False,False,False,False,False,False,False,False,False
ANTONIO RAIMONDI,35.4,24.71666666666667,28.83333333333333,29.566666666666663,407.8333333333333,35.050000000000004,21.33333333333333,34.43333333333333,34.016666666666666,409.0,3,True,False,False,False,False,False,False,False,False,False,False,False,False,False,False,False,False,False,False,False,False,False,False
ASUNCIÓN,33.75,33.5,27.200000000000003,40.55,436.0,30.35,32.45,19.65,44.75,488.0,1,True,False,False,False,False,False,False,False,False,False,False,False,False,False,False,False,False,False,False,False,False,False,False
BOLOGNESI,27.97,32.97,27.27,39.94,442.4,24.91538461538461,32.0,20.307692307692307,44.52307692307692,477.46153846153845,0,True,False,False,False,False,False,False,False,False,False,False,False,False,False,False,False,False,False,False,False,False,False,False
CARHUAZ,37.71818181818182,27.745454545454542,32.9,31.09090909090909,407.0,33.309090909090905,25.20909090909091,26.363636363636363,44.16363636363636,446.6363636363636,1,True,False,False,False,False,False,False,False,False,False,False,False,False,False,False,False,False,False,False,False,False,False,False
CARLOS FERMÍN FITZCARRAL,39.46666666666667,19.166666666666668,25.266666666666666,28.766666666666666,403.3333333333333,34.733333333333334,24.03333333333333,25.133333333333336,36.46666666666667,417.0,1,True,False,False,False,False,False,False,False,False,False,False,False,False,False,False,False,False,False,False,False,False,False,False
CASMA,36.4,31.8,26.45,36.4,433.0,36.6,27.875,23.775,46.175,455.0,1,True,False,False,False,False,False,False,False,False,False,False,False,False,False,False,False,False,False,False,False,False,False,False
CORONGO,28.24,25.9,29.5,25.520000000000003,403.0,28.7,21.25714285714286,19.557142857142857,30.842857142857135,427.0,2,True,False,False,False,False,False,False,False,False,False,False,False,False,False,False,False,False,False,False,False,False,False,False
HUARAZ,33.809090909090905,23.545454545454547,29.50909090909091,27.29090909090909,409.45454545454544,29.536363636363635,25.045454545454547,27.681818181818183,29.172727272727272,421.0,3,True,False,False,False,False,False,False,False,False,False,False,False,False,False,False,False,False,False,False,False,False,False,False
HUARI,36.29375,31.59375,27.09375,32.44375,427.8125,34.31428571428571,25.664285714285715,26.97142857142857,33.32142857142857,439.1428571428572,3,True,False,False,False,False,False,False,False,False,False,False,False,False,False,False,False,False,False,False,False,False,False,False
HUARMEY,37.1,32.4,34.25,28.275,415.0,27.875,38.975,20.2,43.975,479.75,1,True,False,False,False,False,False,False,False,False,False,False,False,False,False,False,False,False,False,False,False,False,False,False
HUAYLAS,41.14,17.48,31.6,29.1,399.3,36.19,18.73,35.32,27.96,405.2,3,True,False,False,False,False,False,False,False,False,False,False,False,False,False,False,False,False,False,False,False,False,False,False
MARISCAL LUZURIAGA,36.86,9.84,34.4,16.9,359.4,33.63333333333333,11.65,30.566666666666663,21.83333333333333,373.1666666666667,3,True,False,False,False,False,False,False,False,False,False,False,False,False,False,False,False,False,False,False,False,False,False,False
OCROS,35.9,33.166666666666664,37.6,39.266666666666666,424.6666666666667,34.85,34.7,17.033333333333335,53.0,438.3333333333333,3,True,False,False,False,False,False,False,False,False,False,False,False,False,False,False,False,False,False,False,False,False,False,False
PALLASCA,25.6,36.98181818181818,18.20909090909091,40.06363636363636,475.1818181818182,34.46363636363637,26.40909090909091,23.200000000000003,42.28181818181818,454.1818181818182,2,True,False,False,False,False,False,False,False,False,False,False,False,False,False,False,False,False,False,False,False,False,False,False
POMABAMBA,0.0,16.7,16.7,16.7,368.0,31.55,18.125,29.775,25.075,382.5,2,True,False,False,False,False,False,False,False,False,False,False,False,False,False,False,False,False,False,False,False,False,False,False
RECUAY,37.58888888888889,26.78888888888889,27.72222222222222,39.62222222222223,449.6666666666667,23.22222222222222,37.95555555555556,29.166666666666668,39.44444444444444,453.44444444444446,0,True,False,False,False,False,False,False,False,False,False,False,False,False,False,False,False,False,False,False,False,False,False,False
SANTA,27.322222222222223,35.28888888888889,25.766666666666666,43.21111111111111,450.3333333333333,30.84444444444445,31.04444444444444,24.922222222222224,40.87777777777777,453.6666666666667,1,True,False,False,False,False,False,False,False,False,False,False,False,False,False,False,False,False,False,False,False,False,False,False
SIHUAS,46.0,19.95555555555556,38.67777777777778,24.82222222222222,388.22222222222223,34.74444444444444,21.677777777777777,29.744444444444444,34.68888888888889,416.0,3,True,False,False,False,False,False,False,False,False,False,False,False,False,False,False,False,False,False,False,False,False,False,False
YUNGAY,34.475,24.3875,29.1125,25.8,398.375,26.6875,21.3125,28.5875,29.8,417.25,3,True,False,False,False,False,False,False,False,False,False,False,False,False,False,False,False,False,False,False,False,False,False,False
ABANCAY,35.7,29.1875,27.3,33.8625,425.0,34.666666666666664,26.788888888888888,22.366666666666667,40.333333333333336,459.77777777777777,0,False,True,False,False,False,False,False,False,False,False,False,False,False,False,False,False,False,False,False,False,False,False,False
ANDAHUAYLAS,38.22777777777778,20.37222222222222,31.42777777777778,28.422222222222224,399.6111111111111,31.6,23.721052631578942,26.157894736842103,31.121052631578944,425.10526315789474,0,False,True,False,False,False,False,False,False,False,False,False,False,False,False,False,False,False,False,False,False,False,False,False
ANTABAMBA,35.74285714285714,27.32857142857143,28.414285714285715,44.457142857142856,444.2857142857143,38.01428571428572,35.357142857142854,17.3,51.07142857142857,469.7142857142857,1,False,True,False,False,False,False,False,False,False,False,False,False,False,False,False,False,False,False,False,False,False,False,False
AYMARAES,31.29375,28.35,25.71875,38.78125,430.5,32.653333333333336,27.3,29.56,41.373333333333335,448.4,1,False,True,False,False,False,False,False,False,False,False,False,False,False,False,False,False,False,False,False,False,False,False,False
CHINCHEROS,38.6625,19.4875,29.5375,26.2625,411.0,39.01111111111111,24.72222222222222,26.22222222222222,43.0,443.1111111111111,2,False,True,False,False,False,False,False,False,False,False,False,False,False,False,False,False,False,False,False,False,False,False,False
COTABAMBAS,47.11666666666667,26.5,29.416666666666668,39.21666666666667,419.3333333333333,33.11666666666667,21.7,26.73333333333333,37.18333333333333,441.0,1,False,True,False,False,False,False,False,False,False,False,False,False,False,False,False,False,False,False,False,False,False,False,False
GRAU,45.083333333333336,24.241666666666664,35.03333333333333,41.36666666666667,428.4166666666667,27.55,32.766666666666666,30.20833333333333,36.075,443.25,1,False,True,False,False,False,False,False,False,False,False,False,False,False,False,False,False,False,False,False,False,False,False,False
AREQUIPA,18.05185185185185,35.7962962962963,16.855555555555558,47.34074074074074,488.22222222222223,17.28076923076923,31.392307692307693,14.738461538461538,42.065384615384616,506.5,0,False,False,True,False,False,False,False,False,False,False,False,False,False,False,False,False,False,False,False,False,False,False,False
CAMANÁ,20.9625,38.25,17.775,46.3,490.75,24.725,35.575,17.475,46.1,483.875,0,False,False,True,False,False,False,False,False,False,False,False,False,False,False,False,False,False,False,False,False,False,False,False
CARAVELÍ,26.40909090909091,34.445454545454545,21.118181818181817,44.64545454545455,470.3636363636364,19.53076923076923,38.01538461538461,15.453846153846154,42.69230769230769,500.61538461538464,0,False,False,True,False,False,False,False,False,False,False,False,False,False,False,False,False,False,False,False,False,False,False,False
CASTILLA,21.07,29.7,15.14,44.03,496.1,29.78,30.78,16.41,38.02,485.5,0,False,False,True,False,False,False,False,False,False,False,False,False,False,False,False,False,False,False,False,False,False,False,False
CAYLLOMA,26.188888888888886,31.15,14.683333333333334,45.45,499.1666666666667,24.13157894736842,30.789473684210527,14.86315789473684,42.26842105263158,503.4736842105263,0,False,False,True,False,False,False,False,False,False,False,False,False,False,False,False,False,False,False,False,False,False,False,False
CONDESUYOS,24.380000000000003,33.239999999999995,24.660000000000004,42.78,469.2,21.883333333333336,32.61666666666667,13.516666666666667,38.46666666666667,521.1666666666666,0,False,False,True,False,False,False,False,False,False,False,False,False,False,False,False,False,False,False,False,False,False,False,False
ISLAY,20.366666666666667,32.43333333333333,14.366666666666667,38.56666666666667,518.5,17.033333333333335,35.666666666666664,10.6,38.03333333333333,526.5,0,False,False,True,False,False,False,False,False,False,False,False,False,False,False,False,False,False,False,False,False,False,False,False
LA UNIÓN,30.244444444444444,35.87777777777777,22.866666666666667,34.7,444.6666666666667,23.9875,32.45,24.775,38.1,449.875,0,False,False,True,False,False,False,False,False,False,False,False,False,False,False,False,False,False,False,False,False,False,False,False
CANGALLO,37.75,13.5,34.666666666666664,19.95,380.6666666666667,34.333333333333336,22.9,32.050000000000004,37.81666666666667,438.6666666666667,0,False,False,False,True,False,False,False,False,False,False,False,False,False,False,False,False,False,False,False,False,False,False,False
HUAMANGA,33.975,29.65625,33.99375,34.4875,432.625,29.78125,28.3125,24.75,38.79375,462.25,0,False,False,False,True,False,False,False,False,False,False,False,False,False,False,False,False,False,False,False,False,False,False,False
HUANCA SANCOS,39.275,26.625,32.525,31.775,428.0,31.8,29.125,22.175,39.575,474.25,2,False,False,False,True,False,False,False,False,False,False,False,False,False,False,False,False,False,False,False,False,False,False,False
HUANTA,41.19166666666667,23.33333333333333,32.733333333333334,32.15833333333334,416.3333333333333,32.19166666666667,24.96666666666667,24.883333333333336,36.06666666666667,433.4166666666667,1,False,False,False,True,False,False,False,False,False,False,False,False,False,False,False,False,False,False,False,False,False,False,False
LA MAR,35.81111111111111,30.444444444444443,26.011111111111116,40.4,446.0,37.2,26.17,21.33,35.980000000000004,455.7,2,False,False,False,True,False,False,False,False,False,False,False,False,False,False,False,False,False,False,False,False,False,False,False
LUCANAS,29.216666666666665,35.22222222222222,21.80555555555556,45.52777777777778,466.6666666666667,22.91,29.335,14.365,42.995,486.0,0,False,False,False,True,False,False,False,False,False,False,False,False,False,False,False,False,False,False,False,False,False,False,False
PARINACOCHAS,41.84285714285714,29.5,28.485714285714288,42.24285714285714,456.7142857142857,28.6875,35.45,21.0875,44.6,477.125,0,False,False,False,True,False,False,False,False,False,False,False,False,False,False,False,False,False,False,False,False,False,False,False
PÁUCAR DEL SARA SARA,37.04285714285714,29.6,38.57142857142857,39.385714285714286,433.0,22.8,29.585714285714285,17.442857142857143,52.58571428571429,479.1428571428572,0,False,False,False,True,False,False,False,False,False,False,False,False,False,False,False,False,False,False,False,False,False,False,False
SUCRE,39.24285714285714,21.52857142857143,43.285714285714285,23.785714285714285,417.7142857142857,39.825,24.125,26.3125,51.425,460.5,0,False,False,False,True,False,False,False,False,False,False,False,False,False,False,False,False,False,False,False,False,False,False,False
VILCASHUAMÁN,35.916666666666664,32.61666666666667,29.58333333333333,42.5,417.1666666666667,36.6375,28.0875,25.225,40.3,442.5,2,False,False,False,True,False,False,False,False,False,False,False,False,False,False,False,False,False,False,False,False,False,False,False
VÍCTOR FAJARDO,33.475,26.4,21.975,34.5375,438.75,34.70909090909091,31.42727272727273,18.063636363636363,41.3,455.27272727272725,0,False,False,False,True,False,False,False,False,False,False,False,False,False,False,False,False,False,False,False,False,False,False,False
CAJABAMBA,35.1,26.475,27.65,36.225,427.5,33.1,22.3,28.825,32.85,436.0,3,False,False,False,False,True,False,False,False,False,False,False,False,False,False,False,False,False,False,False,False,False,False,False
CAJAMARCA,36.05,27.866666666666664,26.73333333333333,37.25,436.4166666666667,35.125,24.041666666666668,29.416666666666668,37.10833333333333,437.9166666666667,3,False,False,False,False,True,False,False,False,False,False,False,False,False,False,False,False,False,False,False,False,False,False,False
CELENDÍN,36.3,24.941666666666663,26.85833333333333,35.25,432.75,33.809090909090905,25.73636363636364,25.63636363636364,38.33636363636364,440.1818181818182,3,False,False,False,False,True,False,False,False,False,False,False,False,False,False,False,False,False,False,False,False,False,False,False
CHOTA,36.32631578947368,30.831578947368417,22.43684210526316,38.37894736842105,461.0,33.43529411764706,30.294117647058822,26.735294117647054,40.35294117647059,456.9411764705882,2,False,False,False,False,True,False,False,False,False,False,False,False,False,False,False,False,False,False,False,False,False,False,False
CONTUMAZÁ,26.0125,39.1375,22.375,40.9,495.125,34.58571428571428,30.1,22.228571428571428,52.62857142857143,459.8571428571428,2,False,False,False,False,True,False,False,False,False,False,False,False,False,False,False,False,False,False,False,False,False,False,False
CUTERVO,34.70666666666667,28.99333333333333,26.966666666666665,34.63333333333333,446.4666666666666,30.56428571428572,28.02142857142857,21.87142857142857,39.98571428571428,471.2142857142857,2,False,False,False,False,True,False,False,False,False,False,False,False,False,False,False,False,False,False,False,False,False,False,False
HUALGAYOC,29.633333333333336,28.96666666666667,20.73333333333333,38.833333333333336,486.3333333333333,27.633333333333336,36.93333333333333,20.366666666666664,39.63333333333333,486.0,1,False,False,False,False,True,False,False,False,False,False,False,False,False,False,False,False,False,False,False,False,False,False,False
JAÉN,33.19166666666667,29.55,24.84166666666667,36.99166666666667,452.75,32.550000000000004,28.90833333333333,25.816666666666663,41.99166666666667,441.1666666666667,3,False,False,False,False,True,False,False,False,False,False,False,False,False,False,False,False,False,False,False,False,False,False,False
SAN IGNACIO,28.414285714285715,31.914285714285715,20.77142857142857,39.5,473.4285714285714,28.91428571428571,31.314285714285717,22.714285714285715,43.32857142857143,465.57142857142856,2,False,False,False,False,True,False,False,False,False,False,False,False,False,False,False,False,False,False,False,False,False,False,False
SAN MARCOS,34.48571428571429,27.485714285714288,23.814285714285717,34.371428571428574,439.1428571428572,34.114285714285714,28.0,26.87142857142857,42.3,445.2857142857143,2,False,False,False,False,True,False,False,False,False,False,False,False,False,False,False,False,False,False,False,False,False,False,False
SAN MIGUEL,17.415384615384617,41.63076923076923,8.161538461538461,42.35384615384616,526.0,32.53846153846154,29.56923076923077,21.684615384615384,40.63076923076923,485.9230769230769,1,False,False,False,False,True,False,False,False,False,False,False,False,False,False,False,False,False,False,False,False,False,False,False
SAN PABLO,35.075,31.075,27.15,40.15,441.5,35.625,19.675,31.35,38.775,432.5,2,False,False,False,False,True,False,False,False,False,False,False,False,False,False,False,False,False,False,False,False,False,False,False
SANTA CRUZ,25.5,35.27,16.25,40.21,490.0,27.318181818181817,37.95454545454545,16.818181818181817,43.45454545454545,485.54545454545456,2,False,False,False,False,True,False,False,False,False,False,False,False,False,False,False,False,False,False,False,False,False,False,False
ACOMAYO,40.02857142857143,27.77142857142857,30.428571428571427,40.3,426.4285714285714,35.81428571428572,33.67142857142857,18.75714285714286,53.18571428571429,468.1428571428572,0,False,False,False,False,False,True,False,False,False,False,False,False,False,False,False,False,False,False,False,False,False,False,False
ANTA,43.71111111111112,24.62222222222222,34.355555555555554,33.5,423.3333333333333,29.011111111111116,27.83333333333333,20.322222222222223,42.1,468.77777777777777,0,False,False,False,False,False,True,False,False,False,False,False,False,False,False,False,False,False,False,False,False,False,False,False
CALCA,38.025,30.15,29.700000000000003,38.3,440.5,28.225,30.025,22.725,43.9,469.375,0,False,False,False,False,False,True,False,False,False,False,False,False,False,False,False,False,False,False,False,False,False,False,False
CANAS,46.2875,21.9125,31.325,38.2,420.25,41.025,20.1,26.7625,36.2,439.625,0,False,False,False,False,False,True,False,False,False,False,False,False,False,False,False,False,False,False,False,False,False,False,False
CANCHIS,32.2625,32.3875,31.125,34.45,443.875,25.9875,31.725,17.4375,43.75,485.625,0,False,False,False,False,False,True,False,False,False,False,False,False,False,False,False,False,False,False,False,False,False,False,False
CHUMBIVILCAS,40.7625,26.675,28.225,38.75,430.375,31.3125,27.55,26.4,35.7125,446.125,0,False,False,False,False,False,True,False,False,False,False,False,False,False,False,False,False,False,False,False,False,False,False,False
CUSCO,25.042857142857144,31.514285714285712,21.02857142857143,41.25714285714286,479.2857142857143,23.31428571428572,31.142857142857142,17.12857142857143,43.21428571428572,497.57142857142856,0,False,False,False,False,False,True,False,False,False,False,False,False,False,False,False,False,False,False,False,False,False,False,False
ESPINAR,36.07142857142857,29.32857142857143,32.5,33.74285714285714,440.0,32.9375,37.825,19.6375,48.9375,474.875,0,False,False,False,False,False,True,False,False,False,False,False,False,False,False,False,False,False,False,False,False,False,False,False
LA CONVENCIÓN,36.23333333333333,32.916666666666664,28.65833333333333,37.91666666666666,442.0833333333333,31.175,28.15,23.641666666666666,38.85,462.75,2,False,False,False,False,False,True,False,False,False,False,False,False,False,False,False,False,False,False,False,False,False,False,False
PARURO,41.86666666666667,24.988888888888887,32.95555555555556,29.33333333333333,396.3333333333333,23.2625,32.375,21.575,37.65,461.75,0,False,False,False,False,False,True,False,False,False,False,False,False,False,False,False,False,False,False,False,False,False,False,False
PAUCARTAMBO,42.24,25.42,36.22,33.22,428.8,36.28,30.34,26.34,37.4,446.0,0,False,False,False,False,False,True,False,False,False,False,False,False,False,False,False,False,False,False,False,False,False,False,False
QUISPICANCHI,37.04166666666666,34.50833333333333,28.53333333333333,43.00833333333333,446.5833333333333,33.25833333333333,28.34166666666667,26.183333333333334,39.575,450.6666666666667,1,False,False,False,False,False,True,False,False,False,False,False,False,False,False,False,False,False,False,False,False,False,False,False
URUBAMBA,33.6,30.428571428571427,24.385714285714283,41.471428571428575,460.7142857142857,25.25714285714286,35.57142857142857,17.214285714285715,45.75714285714286,485.2857142857143,1,False,False,False,False,False,True,False,False,False,False,False,False,False,False,False,False,False,False,False,False,False,False,False
ACOBAMBA,30.7875,28.9875,27.5875,39.525,461.375,29.8,40.4,16.7875,54.0875,481.75,1,False,False,False,False,False,False,True,False,False,False,False,False,False,False,False,False,False,False,False,False,False,False,False
ANGARAES,31.558333333333334,37.28333333333334,15.808333333333332,37.175,491.6666666666667,36.73333333333333,27.766666666666666,18.41111111111111,50.12222222222223,464.1111111111111,0,False,False,False,False,False,False,True,False,False,False,False,False,False,False,False,False,False,False,False,False,False,False,False
CASTROVIRREYNA,49.32,33.61,33.61,48.71,445.9,32.17,27.24,24.97,43.32,472.2,2,False,False,False,False,False,False,True,False,False,False,False,False,False,False,False,False,False,False,False,False,False,False,False
CHURCAMPA,34.31,30.6,33.71,33.52,444.7,30.630000000000003,28.3,19.8,45.71,467.6,0,False,False,False,False,False,False,True,False,False,False,False,False,False,False,False,False,False,False,False,False,False,False,False
HUANCAVELICA,33.805263157894736,33.189473684210526,27.657894736842103,35.63157894736842,449.89473684210526,32.60526315789474,27.210526315789476,23.457894736842103,45.03157894736842,470.10526315789474,1,False,False,False,False,False,False,True,False,False,False,False,False,False,False,False,False,False,False,False,False,False,False,False
HUAYTARÁ,24.32,43.55,27.87,47.69,464.4,38.5,23.90909090909091,28.92727272727273,42.10909090909091,449.54545454545456,2,False,False,False,False,False,False,True,False,False,False,False,False,False,False,False,False,False,False,False,False,False,False,False
TAYACAJA,38.894444444444446,34.19444444444444,27.5,43.144444444444446,442.77777777777777,32.5,27.85,22.36,39.89,477.1,0,False,False,False,False,False,False,True,False,False,False,False,False,False,False,False,False,False,False,False,False,False,False,False
AMBO,35.475,29.8,25.025,38.625,443.375,33.5125,29.2,26.8625,38.625,441.625,3,False,False,False,False,False,False,False,True,False,False,False,False,False,False,False,False,False,False,False,False,False,False,False
DOS DE MAYO,35.18888888888889,27.677777777777777,28.78888888888889,34.75555555555556,424.77777777777777,39.28888888888889,19.3,36.17777777777778,30.266666666666666,408.1111111111111,2,False,False,False,False,False,False,False,True,False,False,False,False,False,False,False,False,False,False,False,False,False,False,False
HUACAYBAMBA,35.575,17.95,28.825,14.8,365.5,36.275,18.125,28.475,29.35,396.5,3,False,False,False,False,False,False,False,True,False,False,False,False,False,False,False,False,False,False,False,False,False,False,False
HUAMALÍES,42.08181818181818,17.509090909090908,36.83636363636364,24.172727272727272,389.1818181818182,39.627272727272725,25.8,38.64545454545455,32.481818181818184,421.09090909090907,2,False,False,False,False,False,False,False,True,False,False,False,False,False,False,False,False,False,False,False,False,False,False,False
HUÁNUCO,36.63076923076923,22.85384615384616,26.6,31.67692307692308,406.61538461538464,33.684615384615384,23.23846153846154,27.76923076923077,33.57692307692308,423.5384615384616,3,False,False,False,False,False,False,False,True,False,False,False,False,False,False,False,False,False,False,False,False,False,False,False
LAURICOCHA,37.457142857142856,21.728571428571428,30.52857142857143,19.67142857142857,436.7142857142857,28.228571428571428,38.55714285714286,19.557142857142857,37.12857142857143,472.0,2,False,False,False,False,False,False,False,True,False,False,False,False,False,False,False,False,False,False,False,False,False,False,False
LEONCIO PRADO,37.0875,35.475,31.8125,40.175,432.625,31.75,31.6,25.19,43.39,452.7,2,False,False,False,False,False,False,False,True,False,False,False,False,False,False,False,False,False,False,False,False,False,False,False
MARAÑÓN,36.36,27.7,33.2,36.3,412.6,34.260000000000005,22.22,35.239999999999995,27.3,401.2,2,False,False,False,False,False,False,False,True,False,False,False,False,False,False,False,False,False,False,False,False,False,False,False
PACHITEA,39.35,24.675,30.3,37.45,428.5,37.7,25.55,26.95,39.625,441.25,2,False,False,False,False,False,False,False,True,False,False,False,False,False,False,False,False,False,False,False,False,False,False,False
PUERTO INCA,35.96,29.379999999999995,32.72,31.4,417.0,39.15,25.05,36.275,32.15,406.25,3,False,False,False,False,False,False,False,True,False,False,False,False,False,False,False,False,False,False,False,False,False,False,False
YAROWILCA,37.1625,23.475,34.275,24.775,400.75,33.35,29.1375,25.5375,37.975,424.125,2,False,False,False,False,False,False,False,True,False,False,False,False,False,False,False,False,False,False,False,False,False,False,False
CHINCHA,35.24444444444444,31.04444444444444,29.5,41.48888888888889,447.1111111111111,26.266666666666666,26.72222222222222,20.33333333333333,34.766666666666666,451.1111111111111,1,False,False,False,False,False,False,False,False,True,False,False,False,False,False,False,False,False,False,False,False,False,False,False
ICA,28.515384615384612,36.215384615384615,22.138461538461534,43.83846153846154,475.3076923076923,24.885714285714283,34.18571428571429,19.24285714285714,43.04285714285714,480.2857142857143,1,False,False,False,False,False,False,False,False,True,False,False,False,False,False,False,False,False,False,False,False,False,False,False
NAZCA,20.32,36.28,13.8,39.82,516.2,19.76,35.94,13.76,41.2,497.4,0,False,False,False,False,False,False,False,False,True,False,False,False,False,False,False,False,False,False,False,False,False,False,False
PALPA,23.76,47.88,15.06,43.6,534.8,27.5,33.425,10.375,48.55,499.25,0,False,False,False,False,False,False,False,False,True,False,False,False,False,False,False,False,False,False,False,False,False,False,False
PISCO,28.65,31.7375,25.9625,43.6875,463.375,24.775,32.5875,16.025,41.9,482.75,1,False,False,False,False,False,False,False,False,True,False,False,False,False,False,False,False,False,False,False,False,False,False,False
CHANCHAMAYO,32.15,36.0,30.46666666666667,34.666666666666664,465.5,32.550000000000004,33.85,21.28333333333333,45.03333333333333,473.3333333333333,1,False,False,False,False,False,False,False,False,False,True,False,False,False,False,False,False,False,False,False,False,False,False,False
CHUPACA,31.466666666666665,38.16666666666666,23.33333333333333,46.84444444444444,464.3333333333333,28.522222222222226,33.52222222222222,21.27777777777778,43.16666666666666,477.55555555555554,1,False,False,False,False,False,False,False,False,False,True,False,False,False,False,False,False,False,False,False,False,False,False,False
CONCEPCIÓN,35.94666666666667,29.766666666666666,28.246666666666663,40.44666666666667,432.9333333333333,29.82,28.866666666666667,27.273333333333333,40.3,443.4666666666666,1,False,False,False,False,False,False,False,False,False,True,False,False,False,False,False,False,False,False,False,False,False,False,False
HUANCAYO,32.762962962962966,32.71111111111112,23.385185185185183,42.34444444444444,469.5925925925926,21.044444444444448,36.99629629629629,15.62962962962963,41.58518518518518,494.8888888888889,0,False,False,False,False,False,False,False,False,False,True,False,False,False,False,False,False,False,False,False,False,False,False,False
JAUJA,30.73225806451613,36.561290322580646,23.76129032258065,43.380645161290325,466.8709677419355,27.455882352941178,31.394117647058827,20.40882352941176,41.9735294117647,484.1470588235294,1,False,False,False,False,False,False,False,False,False,True,False,False,False,False,False,False,False,False,False,False,False,False,False
JUNÍN,32.075,25.0,13.25,35.425,476.75,21.925,33.05,14.425,34.95,499.0,1,False,False,False,False,False,False,False,False,False,True,False,False,False,False,False,False,False,False,False,False,False,False,False
SATIPO,29.0375,35.075,21.9125,44.8375,460.5,29.95,27.5375,22.2125,40.4375,461.75,1,False,False,False,False,False,False,False,False,False,True,False,False,False,False,False,False,False,False,False,False,False,False,False
TARMA,31.744444444444444,34.111111111111114,25.48888888888889,39.74444444444444,449.55555555555554,32.5,29.53333333333333,24.666666666666668,37.72222222222222,461.55555555555554,2,False,False,False,False,False,False,False,False,False,True,False,False,False,False,False,False,False,False,False,False,False,False,False
YAULI,24.38888888888889,36.08888888888889,20.433333333333334,45.65555555555555,476.8888888888889,23.33333333333333,33.0,14.377777777777778,40.82222222222222,499.6666666666667,0,False,False,False,False,False,False,False,False,False,True,False,False,False,False,False,False,False,False,False,False,False,False,False
ASCOPE,28.2375,35.0625,22.8625,46.4625,465.25,28.357142857142858,34.17142857142857,21.814285714285717,42.34285714285714,474.1428571428572,1,False,False,False,False,False,False,False,False,False,False,True,False,False,False,False,False,False,False,False,False,False,False,False
BOLÍVAR,40.65,24.8,33.483333333333334,29.683333333333334,418.1666666666667,26.9,25.4,21.3,37.35,439.0,3,False,False,False,False,False,False,False,False,False,False,True,False,False,False,False,False,False,False,False,False,False,False,False
CHEPÉN,30.23333333333333,31.73333333333333,26.9,43.53333333333333,453.0,26.2,36.8,20.96666666666667,48.333333333333336,478.0,1,False,False,False,False,False,False,False,False,False,False,True,False,False,False,False,False,False,False,False,False,False,False,False
GRAN CHIMÚ,29.4,33.925,23.375,42.35,451.5,31.525,30.625,21.125,44.325,467.0,2,False,False,False,False,False,False,False,False,False,False,True,False,False,False,False,False,False,False,False,False,False,False,False
JULCÁN,42.275,22.2,34.95,28.8,409.25,30.775,19.575,27.85,32.0,423.25,3,False,False,False,False,False,False,False,False,False,False,True,False,False,False,False,False,False,False,False,False,False,False,False
OTUZCO,30.8625,34.9,25.05,35.1375,438.25,36.02,28.98,29.57,35.03,437.5,3,False,False,False,False,False,False,False,False,False,False,True,False,False,False,False,False,False,False,False,False,False,False,False
PACASMAYO,22.46,36.48,13.44,47.06,496.6,24.12,38.02,18.52,46.0,486.0,1,False,False,False,False,False,False,False,False,False,False,True,False,False,False,False,False,False,False,False,False,False,False,False
PATAZ,39.00833333333333,24.133333333333336,28.55,32.266666666666666,419.4166666666667,33.707692307692305,21.5,29.784615384615385,27.96153846153846,431.0769230769231,3,False,False,False,False,False,False,False,False,False,False,True,False,False,False,False,False,False,False,False,False,False,False,False
SANTIAGO DE CHUCO,35.8,28.725,28.525,35.875,431.125,38.9875,26.625,33.975,39.2,427.375,3,False,False,False,False,False,False,False,False,False,False,True,False,False,False,False,False,False,False,False,False,False,False,False
SÁNCHEZ CARRIÓN,37.7,21.65,30.6875,28.05,402.0,36.1,18.975,32.5,29.6125,410.625,3,False,False,False,False,False,False,False,False,False,False,True,False,False,False,False,False,False,False,False,False,False,False,False
TRUJILLO,25.327272727272728,36.99090909090909,21.75454545454545,46.054545454545455,464.27272727272725,25.05454545454546,33.70909090909091,21.88181818181818,45.25454545454546,476.27272727272725,1,False,False,False,False,False,False,False,False,False,False,True,False,False,False,False,False,False,False,False,False,False,False,False
VIRÚ,31.133333333333336,40.23333333333333,25.3,45.63333333333333,457.6666666666667,31.399999999999995,33.63333333333333,24.3,47.23333333333333,459.3333333333333,2,False,False,False,False,False,False,False,False,False,False,True,False,False,False,False,False,False,False,False,False,False,False,False
CHICLAYO,28.435,34.285000000000004,25.22,42.355,467.05,31.155,31.905,25.29,41.56,459.15,1,False,False,False,False,False,False,False,False,False,False,False,True,False,False,False,False,False,False,False,False,False,False,False
FERREÑAFE,30.416666666666668,31.616666666666664,29.416666666666668,34.45,424.5,33.583333333333336,28.916666666666668,26.666666666666668,42.25,442.6666666666667,1,False,False,False,False,False,False,False,False,False,False,False,True,False,False,False,False,False,False,False,False,False,False,False
LAMBAYEQUE,34.09166666666667,34.03333333333333,28.45,41.10833333333333,445.6666666666667,33.25,31.875,27.375,41.55,451.6666666666667,2,False,False,False,False,False,False,False,False,False,False,False,True,False,False,False,False,False,False,False,False,False,False,False
BARRANCA,21.86,37.0,18.54,43.82,488.6,21.58,36.92,19.42,43.0,493.0,1,False,False,False,False,False,False,False,False,False,False,False,False,True,False,False,False,False,False,False,False,False,False,False
CAJATAMBO,25.16,40.54,29.28,39.42,469.4,25.08,34.480000000000004,24.36,40.24,494.0,2,False,False,False,False,False,False,False,False,False,False,False,False,True,False,False,False,False,False,False,False,False,False,False
CANTA,19.74,29.62,9.88,37.260000000000005,526.0,30.65,30.03333333333333,19.7,37.91666666666666,483.1666666666667,1,False,False,False,False,False,False,False,False,False,False,False,False,True,False,False,False,False,False,False,False,False,False,False
CAÑETE,23.3,35.29375,21.66875,41.7625,479.3125,26.65,32.1125,21.9625,41.5,468.0625,0,False,False,False,False,False,False,False,False,False,False,False,False,True,False,False,False,False,False,False,False,False,False,False
HUARAL,28.177777777777777,31.33333333333333,24.133333333333333,45.52222222222222,446.0,39.0,34.2875,22.5625,43.8625,451.5,2,False,False,False,False,False,False,False,False,False,False,False,False,True,False,False,False,False,False,False,False,False,False,False
HUAROCHIRÍ,33.315384615384616,25.75769230769231,25.83076923076923,39.28846153846154,443.3076923076923,28.60384615384616,33.38076923076923,21.684615384615384,42.45384615384615,475.2692307692308,1,False,False,False,False,False,False,False,False,False,False,False,False,True,False,False,False,False,False,False,False,False,False,False
HUAURA,30.472727272727276,35.654545454545456,23.781818181818185,43.28181818181818,454.9090909090909,32.99090909090909,35.527272727272724,20.027272727272727,49.10909090909092,471.9090909090909,1,False,False,False,False,False,False,False,False,False,False,False,False,True,False,False,False,False,False,False,False,False,False,False
LIMA,20.104761904761904,33.166666666666664,18.985714285714284,45.7952380952381,487.6666666666667,18.211627906976744,31.665116279069764,15.85813953488372,41.46976744186047,502.2325581395349,0,False,False,False,False,False,False,False,False,False,False,False,False,True,False,False,False,False,False,False,False,False,False,False
OYÓN,36.0,33.5,33.54,41.2,445.0,26.825,23.325,16.275,38.275,480.75,3,False,False,False,False,False,False,False,False,False,False,False,False,True,False,False,False,False,False,False,False,False,False,False
YAUYOS,29.204761904761902,37.83809523809524,17.104761904761904,39.07142857142857,488.4285714285714,24.9,32.481818181818184,19.572727272727278,46.78636363636363,471.77272727272725,3,False,False,False,False,False,False,False,False,False,False,False,False,True,False,False,False,False,False,False,False,False,False,False
ALTO AMAZONAS,33.980000000000004,13.88,28.0,11.0,343.8,32.3,16.65,31.025,19.125,371.75,3,False,False,False,False,False,False,False,False,False,False,False,False,False,True,False,False,False,False,False,False,False,False,False
DATEM DEL MARAÑÓN,30.875,17.7,24.175,19.875,379.25,28.4,13.0,27.275,13.775,346.75,3,False,False,False,False,False,False,False,False,False,False,False,False,False,True,False,False,False,False,False,False,False,False,False
LORETO,36.55,10.35,30.625,12.025,343.75,26.625,10.425,28.075,10.4,343.75,3,False,False,False,False,False,False,False,False,False,False,False,False,False,True,False,False,False,False,False,False,False,False,False
MARISCAL RAMÓN CASTILLA,38.425,12.75,31.95,13.775,353.25,31.325,12.225,27.125,13.25,347.0,3,False,False,False,False,False,False,False,False,False,False,False,False,False,True,False,False,False,False,False,False,False,False,False
MAYNAS,32.239999999999995,18.69,28.69,16.61,361.0,29.35,16.259999999999998,30.65,18.93,365.6,3,False,False,False,False,False,False,False,False,False,False,False,False,False,True,False,False,False,False,False,False,False,False,False
PUTUMAYO,40.55,31.05,41.55,20.95,383.5,34.55,17.0,29.775,28.65,387.75,3,False,False,False,False,False,False,False,False,False,False,False,False,False,True,False,False,False,False,False,False,False,False,False
REQUENA,31.9,8.82,25.07,10.48,341.4,22.47,5.94,22.33,9.92,337.0,3,False,False,False,False,False,False,False,False,False,False,False,False,False,True,False,False,False,False,False,False,False,False,False
UCAYALI,34.666666666666664,20.316666666666663,28.266666666666666,20.03333333333333,381.1666666666667,28.2,12.483333333333334,25.766666666666666,17.833333333333332,374.6666666666667,3,False,False,False,False,False,False,False,False,False,False,False,False,False,True,False,False,False,False,False,False,False,False,False
MANU,40.375,25.725,20.725,39.2,411.5,34.725,23.05,31.475,36.025,438.0,1,False,False,False,False,False,False,False,False,False,False,False,False,False,False,True,False,False,False,False,False,False,False,False
TAHUAMANU,36.3,40.7,36.75,33.3,413.5,38.9,31.0,39.5,40.9,433.0,3,False,False,False,False,False,False,False,False,False,False,False,False,False,False,True,False,False,False,False,False,False,False,False
TAMBOPATA,36.45,34.35,35.05,39.0,430.25,32.625,32.425,26.475,40.125,447.25,2,False,False,False,False,False,False,False,False,False,False,False,False,False,False,True,False,False,False,False,False,False,False,False
GENERAL SÁNCHEZ CERRO,22.11428571428571,37.957142857142856,19.385714285714283,31.2,508.0,22.95,23.616666666666664,15.45,42.26666666666667,499.6666666666667,0,False,False,False,False,False,False,False,False,False,False,False,False,False,False,False,True,False,False,False,False,False,False,False
ILO,20.066666666666663,37.76666666666667,22.866666666666664,38.46666666666667,501.0,27.766666666666666,27.83333333333333,16.233333333333334,40.1,511.6666666666667,0,False,False,False,False,False,False,False,False,False,False,False,False,False,False,False,True,False,False,False,False,False,False,False
MARISCAL NIETO,20.6,27.32,14.52,42.98,504.0,19.18,29.0,11.98,31.2,523.4,0,False,False,False,False,False,False,False,False,False,False,False,False,False,False,False,True,False,False,False,False,False,False,False
DANIEL ALCIDES CARRIÓN,36.1375,36.525,18.4125,38.4625,496.375,30.55,30.1,20.1375,41.7625,507.5,0,False,False,False,False,False,False,False,False,False,False,False,False,False,False,False,False,True,False,False,False,False,False,False
OXAPAMPA,30.725,31.675,24.075,39.75,451.5,22.7,29.2875,20.575,40.7,452.25,1,False,False,False,False,False,False,False,False,False,False,False,False,False,False,False,False,True,False,False,False,False,False,False
PASCO,26.46923076923077,36.07692307692308,21.21538461538461,44.95384615384615,477.0,24.96923076923077,30.77692307692308,18.37692307692308,41.869230769230775,494.61538461538464,0,False,False,False,False,False,False,False,False,False,False,False,False,False,False,False,False,True,False,False,False,False,False,False
AYABACA,29.69,32.260000000000005,24.78,40.53,445.8,35.410000000000004,29.95,27.54,40.92,453.6,3,False,False,False,False,False,False,False,False,False,False,False,False,False,False,False,False,False,True,False,False,False,False,False
HUANCABAMBA,38.4875,22.7125,29.725,30.25,419.0,33.5375,27.05,30.9125,35.2,430.0,3,False,False,False,False,False,False,False,False,False,False,False,False,False,False,False,False,False,True,False,False,False,False,False
MORROPÓN,24.630000000000003,39.79,21.37,44.09,476.3,25.92,32.11,21.22,44.24,472.1,2,False,False,False,False,False,False,False,False,False,False,False,False,False,False,False,False,False,True,False,False,False,False,False
PAITA,35.385714285714286,30.085714285714285,26.928571428571427,38.785714285714285,458.7142857142857,25.414285714285715,36.75714285714286,20.685714285714283,49.48571428571428,467.2857142857143,0,False,False,False,False,False,False,False,False,False,False,False,False,False,False,False,False,False,True,False,False,False,False,False
PIURA,27.26,37.86,21.33,46.74,470.6,24.32,35.18,18.0,45.66,482.4,1,False,False,False,False,False,False,False,False,False,False,False,False,False,False,False,False,False,True,False,False,False,False,False
SECHURA,25.05,38.98333333333333,18.633333333333333,42.96666666666667,487.5,25.416666666666668,32.98333333333333,18.33333333333333,44.68333333333334,489.5,1,False,False,False,False,False,False,False,False,False,False,False,False,False,False,False,False,False,True,False,False,False,False,False
SULLANA,24.2125,40.8375,20.15,46.8625,475.0,26.875,37.9,20.15,45.6625,480.875,1,False,False,False,False,False,False,False,False,False,False,False,False,False,False,False,False,False,True,False,False,False,False,False
TALARA,29.683333333333334,37.66666666666666,30.4,44.41666666666666,453.1666666666667,27.4,32.266666666666666,24.016666666666666,42.05,474.3333333333333,1,False,False,False,False,False,False,False,False,False,False,False,False,False,False,False,False,False,True,False,False,False,False,False
AZÁNGARO,36.04285714285714,33.607142857142854,29.321428571428573,43.271428571428565,437.3571428571428,37.3,30.99285714285714,26.27142857142857,45.95,458.2857142857143,0,False,False,False,False,False,False,False,False,False,False,False,False,False,False,False,False,False,False,True,False,False,False,False
CARABAYA,39.19,32.9,25.6,46.2,465.4,29.2,34.37,17.84,46.37,485.2,1,False,False,False,False,False,False,False,False,False,False,False,False,False,False,False,False,False,False,True,False,False,False,False
CHUCUITO,37.68333333333334,25.48333333333333,23.03333333333333,40.95,431.5,31.085714285714285,31.75714285714286,26.757142857142856,41.84285714285714,460.7142857142857,2,False,False,False,False,False,False,False,False,False,False,False,False,False,False,False,False,False,False,True,False,False,False,False
EL COLLAO,46.15,31.55,28.025,49.5,457.5,21.875,23.55,15.5,28.675,527.25,0,False,False,False,False,False,False,False,False,False,False,False,False,False,False,False,False,False,False,True,False,False,False,False
HUANCANÉ,35.31428571428571,28.97142857142857,29.728571428571428,35.371428571428574,448.4285714285714,33.2375,31.15,19.5875,40.9125,485.5,1,False,False,False,False,False,False,False,False,False,False,False,False,False,False,False,False,False,False,True,False,False,False,False
LAMPA,35.46666666666667,27.477777777777774,30.45555555555556,38.25555555555556,433.55555555555554,23.637500000000003,28.225,17.2375,40.225,485.375,0,False,False,False,False,False,False,False,False,False,False,False,False,False,False,False,False,False,False,True,False,False,False,False
MELGAR,38.34444444444445,29.1,32.544444444444444,34.388888888888886,435.22222222222223,34.36666666666667,29.488888888888887,20.6,48.077777777777776,465.0,0,False,False,False,False,False,False,False,False,False,False,False,False,False,False,False,False,False,False,True,False,False,False,False
MOHO,37.95,28.15,26.5,35.099999999999994,435.0,27.3,34.875,18.65,48.1,468.75,1,False,False,False,False,False,False,False,False,False,False,False,False,False,False,False,False,False,False,True,False,False,False,False
PUNO,36.09285714285714,31.75714285714286,29.057142857142857,40.73571428571428,447.0,35.32666666666667,26.040000000000003,24.92,42.940000000000005,459.26666666666665,0,False,False,False,False,False,False,False,False,False,False,False,False,False,False,False,False,False,False,True,False,False,False,False
SAN ANTONIO DE PUTINA,37.64,28.78,22.56,45.74,464.0,31.96,28.380000000000003,22.62,43.82,462.2,1,False,False,False,False,False,False,False,False,False,False,False,False,False,False,False,False,False,False,True,False,False,False,False
SAN ROMÁN,22.475,31.25,23.275,43.975,475.5,24.18,32.660000000000004,19.32,45.260000000000005,487.8,0,False,False,False,False,False,False,False,False,False,False,False,False,False,False,False,False,False,False,True,False,False,False,False
SANDIA,35.25,30.45,24.775,40.7625,461.25,32.8,32.02,22.41,44.46,466.4,0,False,False,False,False,False,False,False,False,False,False,False,False,False,False,False,False,False,False,True,False,False,False,False
YUNGUYO,47.025,28.3,39.625,37.225,440.0,30.56,34.5,20.44,45.38,482.6,2,False,False,False,False,False,False,False,False,False,False,False,False,False,False,False,False,False,False,True,False,False,False,False
BELLAVISTA,38.55,33.03333333333333,31.816666666666663,35.48333333333333,415.8333333333333,32.7,28.916666666666668,27.96666666666667,38.083333333333336,429.1666666666667,3,False,False,False,False,False,False,False,False,False,False,False,False,False,False,False,False,False,False,False,True,False,False,False
EL DORADO,41.02,18.04,31.06,22.46,386.2,36.2,22.42,32.54,28.92,398.6,3,False,False,False,False,False,False,False,False,False,False,False,False,False,False,False,False,False,False,False,True,False,False,False
HUALLAGA,34.22,33.379999999999995,35.84,33.56,418.2,39.61666666666667,26.633333333333336,29.5,41.36666666666667,423.1666666666667,3,False,False,False,False,False,False,False,False,False,False,False,False,False,False,False,False,False,False,False,True,False,False,False
LAMAS,39.40909090909091,24.85454545454545,34.33636363636364,27.08181818181818,401.6363636363636,36.900000000000006,26.42727272727273,30.454545454545453,33.97272727272727,420.9090909090909,3,False,False,False,False,False,False,False,False,False,False,False,False,False,False,False,False,False,False,False,True,False,False,False
MARISCAL CÁCERES,38.9,28.04,31.82,27.08,416.8,35.739999999999995,29.0,30.160000000000004,36.42,429.6,3,False,False,False,False,False,False,False,False,False,False,False,False,False,False,False,False,False,False,False,True,False,False,False
MOYOBAMBA,33.35,35.7,30.71666666666667,41.96666666666667,441.5,22.5,31.96666666666667,18.6,46.11666666666667,481.6666666666667,2,False,False,False,False,False,False,False,False,False,False,False,False,False,False,False,False,False,False,False,True,False,False,False
PICOTA,41.64,31.39,35.22,31.31,399.2,36.83,26.660000000000004,35.54,32.260000000000005,409.2,3,False,False,False,False,False,False,False,False,False,False,False,False,False,False,False,False,False,False,False,True,False,False,False
RIOJA,29.366666666666667,38.25555555555556,25.266666666666666,44.922222222222224,463.3333333333333,23.7,33.08888888888889,20.05555555555556,47.077777777777776,467.22222222222223,2,False,False,False,False,False,False,False,False,False,False,False,False,False,False,False,False,False,False,False,True,False,False,False
SAN MARTÍN,37.82142857142857,27.228571428571428,31.478571428571428,29.57857142857143,399.07142857142856,29.414285714285715,30.17142857142857,29.00714285714286,40.54285714285714,434.57142857142856,3,False,False,False,False,False,False,False,False,False,False,False,False,False,False,False,False,False,False,False,True,False,False,False
TOCACHE,40.260000000000005,27.640000000000004,33.62,32.36,440.2,35.1,28.04,31.660000000000004,38.46,434.0,2,False,False,False,False,False,False,False,False,False,False,False,False,False,False,False,False,False,False,False,True,False,False,False
CANDARAVE,2.075,31.25,2.075,34.375,569.0,7.58,22.12,4.64,20.16,605.2,0,False,False,False,False,False,False,False,False,False,False,False,False,False,False,False,False,False,False,False,False,True,False,False
JORGE BASADRE,10.733333333333334,33.03333333333333,8.766666666666667,36.13333333333333,550.6666666666666,6.233333333333333,30.433333333333334,5.3,32.166666666666664,552.0,0,False,False,False,False,False,False,False,False,False,False,False,False,False,False,False,False,False,False,False,False,True,False,False
TACNA,18.15,33.29,13.169999999999998,36.09,523.8,19.10909090909091,34.027272727272724,14.61818181818182,35.39090909090909,522.4545454545455,0,False,False,False,False,False,False,False,False,False,False,False,False,False,False,False,False,False,False,False,False,True,False,False
TARATA,12.166666666666666,26.666666666666668,26.73333333333333,34.93333333333333,502.3333333333333,29.85,27.75,5.5,50.1,511.0,0,False,False,False,False,False,False,False,False,False,False,False,False,False,False,False,False,False,False,False,False,True,False,False
CONTRALMIRANTE VILLAR,35.6,38.13333333333333,29.86666666666667,40.4,424.3333333333333,33.73333333333333,35.43333333333333,26.766666666666666,51.76666666666667,447.3333333333333,3,False,False,False,False,False,False,False,False,False,False,False,False,False,False,False,False,False,False,False,False,False,True,False
TUMBES,33.35,36.73333333333333,30.75,42.95,445.3333333333333,34.11666666666667,30.53333333333333,28.03333333333333,39.03333333333333,449.3333333333333,2,False,False,False,False,False,False,False,False,False,False,False,False,False,False,False,False,False,False,False,False,False,True,False
ZARUMILLA,35.2,35.8,33.525,43.425,431.0,37.5,29.45,24.95,44.55,449.25,2,False,False,False,False,False,False,False,False,False,False,False,False,False,False,False,False,False,False,False,False,False,True,False
ATALAYA,39.833333333333336,16.633333333333333,27.23333333333333,18.46666666666667,361.6666666666667,25.8,14.4,26.46666666666667,11.666666666666666,338.3333333333333,3,False,False,False,False,False,False,False,False,False,False,False,False,False,False,False,False,False,False,False,False,False,False,True
CORONEL PORTILLO,37.61666666666667,22.28333333333333,31.35,21.383333333333336,378.3333333333333,34.05714285714286,22.97142857142857,31.77142857142857,26.557142857142853,388.7142857142857,3,False,False,False,False,False,False,False,False,False,False,False,False,False,False,False,False,False,False,False,False,False,False,True
PADRE ABAD,39.82,32.1,39.62,31.76,406.4,37.6,25.62,35.3,32.44,411.8,3,False,False,False,False,False,False,False,False,False,False,False,False,False,False,False,False,False,False,False,False,False,False,True
PURÚS,32.1,17.9,25.0,3.6,329.0,32.4,10.8,18.9,16.2,385.0,3,False,False,False,False,False,False,False,False,False,False,False,False,False,False,False,False,False,False,False,False,False,False,True
