PROVINCIA,LECT_EN INICIO_2016,LECT_EN PROCESO_2016,LECT_PREVIO AL INICIO_2016,LECT_SATISFACTORIO_2016,MAT_EN INICIO_2016,MAT_EN PROCESO_2016,MAT_PREVIO AL INICIO_2016,MAT_SATISFACTORIO_2016,MEDIDA PROMEDIO COMPRENSION LECTORA_2016,MEDIDA PROMEDIO MATEMATICA_2016,LECT_EN INICIO_2018,LECT_EN PROCESO_2018,LECT_PREVIO AL INICIO_2018,LECT_SATISFACTORIO_2018,MAT_EN INICIO_2018,MAT_EN PROCESO_2018,MAT_PREVIO AL INICIO_2018,MAT_SATISFACTORIO_2018,MEDIDA PROMEDIO COMPRENSION LECTORA_2018,MEDIDA PROMEDIO MATEMATICA_2018,VAB_Administración_Pública_y_Defensa_2016,VAB_Administración_Pública_y_Defensa_2018,VAB_Electricidad_Gas_y_Agua_2016,VAB_Electricidad_Gas_y_Agua_2018,VAB_Telecom_y_Otros_Serv_de_Información_2016,VAB_Telecom_y_Otros_Serv_de_Información_2018,CUARTIL_2024,REGION_ANCASH,REGION_APURIMAC,REGION_AREQUIPA,REGION_AYACUCHO,REGION_CAJAMARCA,REGION_CUSCO,REGION_HUANCAVELICA,REGION_HUANUCO,REGION_ICA,REGION_JUNIN,REGION_LA LIBERTAD,REGION_LAMBAYEQUE,REGION_LIMA,REGION_LORETO,REGION_MADRE DE DIOS,REGION_MOQUEGUA,REGION_PASCO,REGION_PIURA,REGION_PUNO,REGION_SAN MARTIN,REGION_TACNA,REGION_TUMBES,REGION_UCAYALI
BAGUA,41.93333333333333,24.816666666666663,15.65,17.566666666666666,27.266666666666666,31.98333333333333,20.7,20.016666666666666,436.5,439.6666666666667,33.18,29.880000000000003,11.92,25.02,27.96,45.260000000000005,9.82,16.939999999999998,455.4,454.6,280083.0,302870.0,32680.0,36549.0,54385.0,63345.0,2,False,False,False,False,False,False,False,False,False,False,False,False,False,False,False,False,False,False,False,False,False,False,False
BONGARÁ,39.2625,32.4625,9.9875,18.275,28.525,41.6,17.3375,12.5625,451.5,433.625,16.85,31.675,16.025,35.45,23.9875,31.4875,9.35,35.175000000000004,476.25,477.25,280083.0,302870.0,32680.0,36549.0,54385.0,63345.0,0,False,False,False,False,False,False,False,False,False,False,False,False,False,False,False,False,False,False,False,False,False,False,False
CHACHAPOYAS,29.807142857142857,34.34285714285714,7.107142857142857,28.75714285714286,19.5,46.62857142857143,11.757142857142856,22.12857142857143,474.57142857142856,464.4285714285714,25.966666666666665,34.38,6.2,33.473333333333336,17.89333333333333,47.72,3.606666666666667,30.82,486.6666666666667,488.1333333333333,280083.0,302870.0,32680.0,36549.0,54385.0,63345.0,0,False,False,False,False,False,False,False,False,False,False,False,False,False,False,False,False,False,False,False,False,False,False,False
CONDORCANQUI,34.150000000000006,11.75,45.3,8.8,22.35,26.6,47.95,3.05,383.0,371.0,5.55,3.7,88.85,1.85,3.7,3.7,92.55,0.0,314.0,291.5,280083.0,302870.0,32680.0,36549.0,54385.0,63345.0,3,False,False,False,False,False,False,False,False,False,False,False,False,False,False,False,False,False,False,False,False,False,False,False
LUYA,26.976190476190474,39.457142857142856,8.214285714285714,25.34761904761905,20.81904761904762,44.24285714285715,7.876190476190477,27.03333333333333,476.0,474.04761904761904,26.227272727272727,35.78636363636363,9.659090909090908,28.33181818181818,21.604545454545452,41.18181818181818,7.668181818181818,29.55454545454546,472.45454545454544,478.59090909090907,280083.0,302870.0,32680.0,36549.0,54385.0,63345.0,0,False,False,False,False,False,False,False,False,False,False,False,False,False,False,False,False,False,False,False,False,False,False,False
RODRÍGUEZ DE MENDOZA,30.55555555555556,35.51111111111111,5.033333333333333,28.9,22.244444444444444,40.03333333333333,7.333333333333333,30.4,479.6666666666667,478.6666666666667,17.27,26.07,9.35,47.29,11.08,40.02,8.440000000000001,40.45,497.3,502.5,280083.0,302870.0,32680.0,36549.0,54385.0,63345.0,1,False,False,False,False,False,False,False,False,False,False,False,False,False,False,False,False,False,False,False,False,False,False,False
UTCUBAMBA,31.27142857142857,34.471428571428575,13.285714285714286,21.014285714285712,25.17142857142857,39.51428571428572,15.228571428571428,20.1,455.4285714285714,451.8571428571428,32.17142857142857,30.17142857142857,13.242857142857144,24.414285714285715,25.385714285714283,39.74285714285714,11.757142857142856,23.1,457.1428571428572,459.4285714285714,280083.0,302870.0,32680.0,36549.0,54385.0,63345.0,2,False,False,False,False,False,False,False,False,False,False,False,False,False,False,False,False,False,False,False,False,False,False,False
AIJA,32.78,32.1,20.7,14.419999999999998,25.68,33.64,24.38,16.3,436.4,429.8,34.480000000000004,38.62,15.46,11.46,26.059999999999995,38.08,21.08,14.78,434.8,430.0,851789.0,942826.0,426444.0,427851.0,474820.0,579076.0,0,True,False,False,False,False,False,False,False,False,False,False,False,False,False,False,False,False,False,False,False,False,False,False
ANTONIO RAIMONDI,35.4,24.71666666666667,27.8,12.116666666666664,28.83333333333333,29.566666666666663,30.616666666666664,10.983333333333334,416.8333333333333,407.8333333333333,35.050000000000004,21.33333333333333,28.28333333333333,15.3,34.43333333333333,34.016666666666666,23.366666666666664,8.166666666666666,418.3333333333333,409.0,851789.0,942826.0,426444.0,427851.0,474820.0,579076.0,3,True,False,False,False,False,False,False,False,False,False,False,False,False,False,False,False,False,False,False,False,False,False,False
ASUNCIÓN,33.75,33.5,18.25,14.5,27.200000000000003,40.55,17.2,15.0,440.5,436.0,30.35,32.45,10.45,26.75,19.65,44.75,3.7,31.9,473.0,488.0,851789.0,942826.0,426444.0,427851.0,474820.0,579076.0,1,True,False,False,False,False,False,False,False,False,False,False,False,False,False,False,False,False,False,False,False,False,False,False
BOLOGNESI,27.97,32.97,16.169999999999998,22.880000000000003,27.27,39.94,15.28,17.52,451.3,442.4,24.91538461538461,32.0,10.592307692307692,32.51538461538461,20.307692307692307,44.52307692307692,7.730769230769231,27.430769230769236,478.0769230769231,477.46153846153845,851789.0,942826.0,426444.0,427851.0,474820.0,579076.0,0,True,False,False,False,False,False,False,False,False,False,False,False,False,False,False,False,False,False,False,False,False,False,False
CARHUAZ,37.71818181818182,27.745454545454542,25.272727272727277,9.28181818181818,32.9,31.09090909090909,27.518181818181816,8.5,414.8181818181818,407.0,33.309090909090905,25.20909090909091,22.536363636363635,18.945454545454545,26.363636363636363,44.16363636363636,13.818181818181818,15.627272727272729,435.45454545454544,446.6363636363636,851789.0,942826.0,426444.0,427851.0,474820.0,579076.0,1,True,False,False,False,False,False,False,False,False,False,False,False,False,False,False,False,False,False,False,False,False,False,False
CARLOS FERMÍN FITZCARRAL,39.46666666666667,19.166666666666668,33.13333333333333,8.233333333333333,25.266666666666666,28.766666666666666,34.800000000000004,11.2,399.0,403.3333333333333,34.733333333333334,24.03333333333333,28.933333333333334,12.3,25.133333333333336,36.46666666666667,26.8,11.6,412.0,417.0,851789.0,942826.0,426444.0,427851.0,474820.0,579076.0,1,True,False,False,False,False,False,False,False,False,False,False,False,False,False,False,False,False,False,False,False,False,False,False
CASMA,36.4,31.8,13.45,18.4,26.45,36.4,21.275,15.85,447.25,433.0,36.6,27.875,15.4,20.175,23.775,46.175,12.075,18.0,446.5,455.0,851789.0,942826.0,426444.0,427851.0,474820.0,579076.0,1,True,False,False,False,False,False,False,False,False,False,False,False,False,False,False,False,False,False,False,False,False,False,False
CORONGO,28.24,25.9,34.36,11.52,29.5,25.520000000000003,31.660000000000004,13.34,415.8,403.0,28.7,21.25714285714286,20.47142857142857,29.542857142857144,19.557142857142857,30.842857142857135,30.385714285714283,19.214285714285715,457.7142857142857,427.0,851789.0,942826.0,426444.0,427851.0,474820.0,579076.0,2,True,False,False,False,False,False,False,False,False,False,False,False,False,False,False,False,False,False,False,False,False,False,False
HUARAZ,33.809090909090905,23.545454545454547,27.063636363636363,15.6,29.50909090909091,27.29090909090909,30.71818181818181,12.5,421.6363636363636,409.45454545454544,29.536363636363635,25.045454545454547,26.227272727272727,19.21818181818182,27.681818181818183,29.172727272727272,27.681818181818183,15.47272727272727,428.7272727272728,421.0,851789.0,942826.0,426444.0,427851.0,474820.0,579076.0,3,True,False,False,False,False,False,False,False,False,False,False,False,False,False,False,False,False,False,False,False,False,False,False
HUARI,36.29375,31.59375,21.36875,10.75625,27.09375,32.44375,24.53125,15.9625,426.1875,427.8125,34.31428571428571,25.664285714285715,21.90714285714285,18.12857142857143,26.97142857142857,33.32142857142857,20.092857142857145,19.62857142857143,436.7142857142857,439.1428571428572,851789.0,942826.0,426444.0,427851.0,474820.0,579076.0,3,True,False,False,False,False,False,False,False,False,False,False,False,False,False,False,False,False,False,False,False,False,False,False
HUARMEY,37.1,32.4,14.975,15.525,34.25,28.275,26.0,11.475,442.5,415.0,27.875,38.975,9.2,24.0,20.2,43.975,8.025,27.825,467.5,479.75,851789.0,942826.0,426444.0,427851.0,474820.0,579076.0,1,True,False,False,False,False,False,False,False,False,False,False,False,False,False,False,False,False,False,False,False,False,False,False
HUAYLAS,41.14,17.48,32.89,8.48,31.6,29.1,31.46,7.83,401.8,399.3,36.19,18.73,33.43,11.65,35.32,27.96,27.59,9.12,406.7,405.2,851789.0,942826.0,426444.0,427851.0,474820.0,579076.0,3,True,False,False,False,False,False,False,False,False,False,False,False,False,False,False,False,False,False,False,False,False,False,False
MARISCAL LUZURIAGA,36.86,9.84,53.32000000000001,0.0,34.4,16.9,48.06,0.64,357.2,359.4,33.63333333333333,11.65,49.55,5.166666666666667,30.566666666666663,21.83333333333333,42.71666666666667,4.866666666666666,371.6666666666667,373.1666666666667,851789.0,942826.0,426444.0,427851.0,474820.0,579076.0,3,True,False,False,False,False,False,False,False,False,False,False,False,False,False,False,False,False,False,False,False,False,False,False
OCROS,35.9,33.166666666666664,17.150000000000002,13.833333333333334,37.6,39.266666666666666,14.733333333333333,8.416666666666666,436.8333333333333,424.6666666666667,34.85,34.7,14.9,15.550000000000002,17.033333333333335,53.0,18.966666666666665,10.983333333333334,442.0,438.3333333333333,851789.0,942826.0,426444.0,427851.0,474820.0,579076.0,3,True,False,False,False,False,False,False,False,False,False,False,False,False,False,False,False,False,False,False,False,False,False,False
PALLASCA,25.6,36.98181818181818,9.518181818181818,27.90909090909091,18.20909090909091,40.06363636363636,12.854545454545455,28.89090909090909,474.27272727272725,475.1818181818182,34.46363636363637,26.40909090909091,18.39090909090909,20.75454545454545,23.200000000000003,42.28181818181818,12.509090909090908,22.0,442.1818181818182,454.1818181818182,851789.0,942826.0,426444.0,427851.0,474820.0,579076.0,2,True,False,False,False,False,False,False,False,False,False,False,False,False,False,False,False,False,False,False,False,False,False,False
POMABAMBA,0.0,16.7,83.3,0.0,16.7,16.7,66.7,0.0,340.0,368.0,31.55,18.125,43.225,7.075,29.775,25.075,40.1,5.05,372.25,382.5,851789.0,942826.0,426444.0,427851.0,474820.0,579076.0,2,True,False,False,False,False,False,False,False,False,False,False,False,False,False,False,False,False,False,False,False,False,False,False
RECUAY,37.58888888888889,26.78888888888889,15.811111111111112,19.8,27.72222222222222,39.62222222222223,14.322222222222225,18.344444444444445,445.44444444444446,449.6666666666667,23.22222222222222,37.95555555555556,16.788888888888888,22.05555555555556,29.166666666666668,39.44444444444444,13.011111111111113,18.41111111111111,457.77777777777777,453.44444444444446,851789.0,942826.0,426444.0,427851.0,474820.0,579076.0,0,True,False,False,False,False,False,False,False,False,False,False,False,False,False,False,False,False,False,False,False,False,False,False
SANTA,27.322222222222223,35.28888888888889,13.744444444444444,23.633333333333333,25.766666666666666,43.21111111111111,13.444444444444445,17.58888888888889,460.6666666666667,450.3333333333333,30.84444444444445,31.04444444444444,12.72222222222222,25.377777777777776,24.922222222222224,40.87777777777777,13.355555555555554,20.844444444444445,459.55555555555554,453.6666666666667,851789.0,942826.0,426444.0,427851.0,474820.0,579076.0,1,True,False,False,False,False,False,False,False,False,False,False,False,False,False,False,False,False,False,False,False,False,False,False
SIHUAS,46.0,19.95555555555556,29.61111111111111,4.444444444444445,38.67777777777778,24.82222222222222,32.766666666666666,3.744444444444445,398.8888888888889,388.22222222222223,34.74444444444444,21.677777777777777,27.977777777777774,15.58888888888889,29.744444444444444,34.68888888888889,25.511111111111116,10.055555555555555,423.44444444444446,416.0,851789.0,942826.0,426444.0,427851.0,474820.0,579076.0,3,True,False,False,False,False,False,False,False,False,False,False,False,False,False,False,False,False,False,False,False,False,False,False
YUNGAY,34.475,24.3875,33.0,8.15,29.1125,25.8,35.8875,9.2125,403.625,398.375,26.6875,21.3125,39.275,12.725,28.5875,29.8,28.325,13.3,404.75,417.25,851789.0,942826.0,426444.0,427851.0,474820.0,579076.0,3,True,False,False,False,False,False,False,False,False,False,False,False,False,False,False,False,False,False,False,False,False,False,False
ABANCAY,35.7,29.1875,21.35,13.7875,27.3,33.8625,25.55,13.3125,429.5,425.0,34.666666666666664,26.788888888888888,17.0,21.544444444444444,22.366666666666667,40.333333333333336,14.733333333333333,22.58888888888889,447.44444444444446,459.77777777777777,289305.0,315450.0,40299.0,46425.0,51781.0,56069.0,0,False,True,False,False,False,False,False,False,False,False,False,False,False,False,False,False,False,False,False,False,False,False,False
ANDAHUAYLAS,38.22777777777778,20.37222222222222,34.02777777777778,7.355555555555556,31.42777777777778,28.422222222222224,32.733333333333334,7.422222222222222,398.55555555555554,399.6111111111111,31.6,23.721052631578942,31.18421052631579,13.489473684210529,26.157894736842103,31.121052631578944,27.021052631578947,15.705263157894736,416.42105263157896,425.10526315789474,289305.0,315450.0,40299.0,46425.0,51781.0,56069.0,0,False,True,False,False,False,False,False,False,False,False,False,False,False,False,False,False,False,False,False,False,False,False,False
ANTABAMBA,35.74285714285714,27.32857142857143,12.528571428571428,24.342857142857145,28.414285714285715,44.457142857142856,12.942857142857145,14.157142857142857,454.7142857142857,444.2857142857143,38.01428571428572,35.357142857142854,10.471428571428572,16.157142857142855,17.3,51.07142857142857,9.3,22.342857142857145,447.4285714285714,469.7142857142857,289305.0,315450.0,40299.0,46425.0,51781.0,56069.0,1,False,True,False,False,False,False,False,False,False,False,False,False,False,False,False,False,False,False,False,False,False,False,False
AYMARAES,31.29375,28.35,19.21875,21.15,25.71875,38.78125,21.6625,13.84375,441.0625,430.5,32.653333333333336,27.3,19.186666666666667,20.846666666666668,29.56,41.373333333333335,11.24,17.846666666666668,441.26666666666665,448.4,289305.0,315450.0,40299.0,46425.0,51781.0,56069.0,1,False,True,False,False,False,False,False,False,False,False,False,False,False,False,False,False,False,False,False,False,False,False,False
CHINCHEROS,38.6625,19.4875,29.225,12.675,29.5375,26.2625,30.5625,13.675,412.625,411.0,39.01111111111111,24.72222222222222,16.61111111111111,19.677777777777777,26.22222222222222,43.0,13.933333333333334,16.855555555555554,439.3333333333333,443.1111111111111,289305.0,315450.0,40299.0,46425.0,51781.0,56069.0,2,False,True,False,False,False,False,False,False,False,False,False,False,False,False,False,False,False,False,False,False,False,False,False
COTABAMBAS,47.11666666666667,26.5,19.716666666666665,6.716666666666666,29.416666666666668,39.21666666666667,22.85,8.5,414.1666666666667,419.3333333333333,33.11666666666667,21.7,24.96666666666667,20.25,26.73333333333333,37.18333333333333,17.666666666666668,18.433333333333334,432.5,441.0,289305.0,315450.0,40299.0,46425.0,51781.0,56069.0,1,False,True,False,False,False,False,False,False,False,False,False,False,False,False,False,False,False,False,False,False,False,False,False
GRAU,45.083333333333336,24.241666666666664,17.14166666666667,13.558333333333332,35.03333333333333,41.36666666666667,13.4,10.225,429.0,428.4166666666667,27.55,32.766666666666666,24.825,14.858333333333334,30.20833333333333,36.075,14.891666666666666,18.85,431.1666666666667,443.25,289305.0,315450.0,40299.0,46425.0,51781.0,56069.0,1,False,True,False,False,False,False,False,False,False,False,False,False,False,False,False,False,False,False,False,False,False,False,False
AREQUIPA,18.05185185185185,35.7962962962963,5.440740740740741,40.72962962962964,16.855555555555558,47.34074074074074,5.614814814814815,30.211111111111112,504.5925925925926,488.22222222222223,17.28076923076923,31.392307692307693,4.057692307692308,47.26923076923077,14.738461538461538,42.065384615384616,3.753846153846154,39.43846153846154,511.2692307692308,506.5,862133.0,949813.0,289112.0,302127.0,967344.0,1112326.0,0,False,False,True,False,False,False,False,False,False,False,False,False,False,False,False,False,False,False,False,False,False,False,False
CAMANÁ,20.9625,38.25,3.6375,37.15,17.775,46.3,4.5125,31.4375,496.0,490.75,24.725,35.575,7.4625,32.25,17.475,46.1,5.6625,30.775,483.25,483.875,862133.0,949813.0,289112.0,302127.0,967344.0,1112326.0,0,False,False,True,False,False,False,False,False,False,False,False,False,False,False,False,False,False,False,False,False,False,False,False
CARAVELÍ,26.40909090909091,34.445454545454545,7.027272727272727,32.14545454545454,21.118181818181817,44.64545454545455,8.945454545454545,25.318181818181817,479.9090909090909,470.3636363636364,19.53076923076923,38.01538461538461,4.776923076923077,37.67692307692308,15.453846153846154,42.69230769230769,3.692307692307693,38.15384615384615,498.1538461538461,500.61538461538464,862133.0,949813.0,289112.0,302127.0,967344.0,1112326.0,0,False,False,True,False,False,False,False,False,False,False,False,False,False,False,False,False,False,False,False,False,False,False,False
CASTILLA,21.07,29.7,6.7700000000000005,42.48,15.14,44.03,7.890000000000001,32.980000000000004,507.6,496.1,29.78,30.78,4.32,35.15,16.41,38.02,10.59,34.989999999999995,489.3,485.5,862133.0,949813.0,289112.0,302127.0,967344.0,1112326.0,0,False,False,True,False,False,False,False,False,False,False,False,False,False,False,False,False,False,False,False,False,False,False,False
CAYLLOMA,26.188888888888886,31.15,6.111111111111111,36.53888888888889,14.683333333333334,45.45,5.305555555555555,34.56111111111111,492.77777777777777,499.1666666666667,24.13157894736842,30.789473684210527,6.857894736842105,38.22105263157895,14.86315789473684,42.26842105263158,2.4526315789473685,40.41052631578947,493.6842105263158,503.4736842105263,862133.0,949813.0,289112.0,302127.0,967344.0,1112326.0,0,False,False,True,False,False,False,False,False,False,False,False,False,False,False,False,False,False,False,False,False,False,False,False
CONDESUYOS,24.380000000000003,33.239999999999995,9.5,32.86,24.660000000000004,42.78,8.4,24.18,483.2,469.2,21.883333333333336,32.61666666666667,6.583333333333333,38.9,13.516666666666667,38.46666666666667,2.766666666666667,45.25,495.0,521.1666666666666,862133.0,949813.0,289112.0,302127.0,967344.0,1112326.0,0,False,False,True,False,False,False,False,False,False,False,False,False,False,False,False,False,False,False,False,False,False,False,False
ISLAY,20.366666666666667,32.43333333333333,1.2666666666666666,45.91666666666666,14.366666666666667,38.56666666666667,1.95,45.15,517.6666666666666,518.5,17.033333333333335,35.666666666666664,2.733333333333333,44.583333333333336,10.6,38.03333333333333,2.15,49.23333333333333,511.5,526.5,862133.0,949813.0,289112.0,302127.0,967344.0,1112326.0,0,False,False,True,False,False,False,False,False,False,False,False,False,False,False,False,False,False,False,False,False,False,False,False
LA UNIÓN,30.244444444444444,35.87777777777777,19.066666666666663,14.8,22.866666666666667,34.7,20.27777777777778,22.133333333333333,438.77777777777777,444.6666666666667,23.9875,32.45,20.2,23.375,24.775,38.1,17.1125,19.9875,448.0,449.875,862133.0,949813.0,289112.0,302127.0,967344.0,1112326.0,0,False,False,True,False,False,False,False,False,False,False,False,False,False,False,False,False,False,False,False,False,False,False,False
CANGALLO,37.75,13.5,43.25,5.5,34.666666666666664,19.95,39.36666666666667,6.033333333333334,382.1666666666667,380.6666666666667,34.333333333333336,22.9,31.45,11.333333333333334,32.050000000000004,37.81666666666667,14.866666666666667,15.266666666666666,410.3333333333333,438.6666666666667,442378.0,492931.0,35597.0,39679.0,174710.0,215619.0,0,False,False,False,True,False,False,False,False,False,False,False,False,False,False,False,False,False,False,False,False,False,False,False
HUAMANGA,33.975,29.65625,20.53125,15.8375,33.99375,34.4875,16.89375,14.625,437.25,432.625,29.78125,28.3125,14.71875,27.21875,24.75,38.79375,11.89375,24.575,460.0625,462.25,442378.0,492931.0,35597.0,39679.0,174710.0,215619.0,0,False,False,False,True,False,False,False,False,False,False,False,False,False,False,False,False,False,False,False,False,False,False,False
HUANCA SANCOS,39.275,26.625,15.475,18.65,32.525,31.775,23.225,12.45,443.5,428.0,31.8,29.125,10.275,28.8,22.175,39.575,9.3,28.9,470.25,474.25,442378.0,492931.0,35597.0,39679.0,174710.0,215619.0,2,False,False,False,True,False,False,False,False,False,False,False,False,False,False,False,False,False,False,False,False,False,False,False
HUANTA,41.19166666666667,23.33333333333333,27.1,8.391666666666667,32.733333333333334,32.15833333333334,23.28333333333333,11.825,410.3333333333333,416.3333333333333,32.19166666666667,24.96666666666667,28.96666666666667,13.891666666666666,24.883333333333336,36.06666666666667,22.28333333333333,16.766666666666666,414.3333333333333,433.4166666666667,442378.0,492931.0,35597.0,39679.0,174710.0,215619.0,1,False,False,False,True,False,False,False,False,False,False,False,False,False,False,False,False,False,False,False,False,False,False,False
LA MAR,35.81111111111111,30.444444444444443,18.433333333333334,15.311111111111112,26.011111111111116,40.4,16.38888888888889,17.233333333333334,435.3333333333333,446.0,37.2,26.17,12.47,24.15,21.33,35.980000000000004,18.27,24.43,451.0,455.7,442378.0,492931.0,35597.0,39679.0,174710.0,215619.0,2,False,False,False,True,False,False,False,False,False,False,False,False,False,False,False,False,False,False,False,False,False,False,False
LUCANAS,29.216666666666665,35.22222222222222,9.166666666666666,26.4,21.80555555555556,45.52777777777778,10.67777777777778,21.994444444444444,466.27777777777777,466.6666666666667,22.91,29.335,11.89,35.855000000000004,14.365,42.995,8.49,34.145,478.5,486.0,442378.0,492931.0,35597.0,39679.0,174710.0,215619.0,0,False,False,False,True,False,False,False,False,False,False,False,False,False,False,False,False,False,False,False,False,False,False,False
PARINACOCHAS,41.84285714285714,29.5,8.814285714285713,19.857142857142858,28.485714285714288,42.24285714285714,8.585714285714285,20.7,461.1428571428572,456.7142857142857,28.6875,35.45,7.875,27.9875,21.0875,44.6,5.3375,28.9875,476.125,477.125,442378.0,492931.0,35597.0,39679.0,174710.0,215619.0,0,False,False,False,True,False,False,False,False,False,False,False,False,False,False,False,False,False,False,False,False,False,False,False
PÁUCAR DEL SARA SARA,37.04285714285714,29.6,13.085714285714284,20.3,38.57142857142857,39.385714285714286,10.94285714285714,11.1,452.57142857142856,433.0,22.8,29.585714285714285,7.542857142857143,40.08571428571428,17.442857142857143,52.58571428571429,5.785714285714286,24.185714285714287,494.7142857142857,479.1428571428572,442378.0,492931.0,35597.0,39679.0,174710.0,215619.0,0,False,False,False,True,False,False,False,False,False,False,False,False,False,False,False,False,False,False,False,False,False,False,False
SUCRE,39.24285714285714,21.52857142857143,19.24285714285714,20.0,43.285714285714285,23.785714285714285,18.65714285714285,14.285714285714286,432.4285714285714,417.7142857142857,39.825,24.125,8.3375,27.7,26.3125,51.425,7.5625,14.6875,462.5,460.5,442378.0,492931.0,35597.0,39679.0,174710.0,215619.0,0,False,False,False,True,False,False,False,False,False,False,False,False,False,False,False,False,False,False,False,False,False,False,False
VILCASHUAMÁN,35.916666666666664,32.61666666666667,23.75,7.716666666666666,29.58333333333333,42.5,21.46666666666667,6.416666666666667,421.1666666666667,417.1666666666667,36.6375,28.0875,16.8,18.4875,25.225,40.3,17.55,16.925,438.375,442.5,442378.0,492931.0,35597.0,39679.0,174710.0,215619.0,2,False,False,False,True,False,False,False,False,False,False,False,False,False,False,False,False,False,False,False,False,False,False,False
VÍCTOR FAJARDO,33.475,26.4,18.775,21.325000000000003,21.975,34.5375,23.275,20.2125,442.875,438.75,34.70909090909091,31.42727272727273,14.936363636363636,18.945454545454545,18.063636363636363,41.3,16.79090909090909,23.818181818181817,443.0,455.27272727272725,442378.0,492931.0,35597.0,39679.0,174710.0,215619.0,0,False,False,False,True,False,False,False,False,False,False,False,False,False,False,False,False,False,False,False,False,False,False,False
CAJABAMBA,35.1,26.475,22.925,15.5,27.65,36.225,22.65,13.475,429.25,427.5,33.1,22.3,26.925,17.675,28.825,32.85,20.3,18.025,426.25,436.0,876369.0,973558.0,145362.0,175882.0,339939.0,392996.0,3,False,False,False,False,True,False,False,False,False,False,False,False,False,False,False,False,False,False,False,False,False,False,False
CAJAMARCA,36.05,27.866666666666664,20.725,15.366666666666667,26.73333333333333,37.25,19.58333333333333,16.441666666666666,432.0,436.4166666666667,35.125,24.041666666666668,24.73333333333333,16.091666666666665,29.416666666666668,37.10833333333333,17.375,16.083333333333332,426.0833333333333,437.9166666666667,876369.0,973558.0,145362.0,175882.0,339939.0,392996.0,3,False,False,False,False,True,False,False,False,False,False,False,False,False,False,False,False,False,False,False,False,False,False,False
CELENDÍN,36.3,24.941666666666663,26.766666666666666,11.975,26.85833333333333,35.25,22.116666666666664,15.758333333333336,418.0,432.75,33.809090909090905,25.73636363636364,24.42727272727273,16.01818181818182,25.63636363636364,38.33636363636364,19.0,17.027272727272727,427.0,440.1818181818182,876369.0,973558.0,145362.0,175882.0,339939.0,392996.0,3,False,False,False,False,True,False,False,False,False,False,False,False,False,False,False,False,False,False,False,False,False,False,False
CHOTA,36.32631578947368,30.831578947368417,15.905263157894735,16.936842105263157,22.43684210526316,38.37894736842105,14.715789473684213,24.457894736842103,441.7368421052632,461.0,33.43529411764706,30.294117647058822,17.188235294117646,19.076470588235296,26.735294117647054,40.35294117647059,11.452941176470588,21.447058823529414,441.7058823529412,456.9411764705882,876369.0,973558.0,145362.0,175882.0,339939.0,392996.0,2,False,False,False,False,True,False,False,False,False,False,False,False,False,False,False,False,False,False,False,False,False,False,False
CONTUMAZÁ,26.0125,39.1375,8.15,26.7,22.375,40.9,2.8,33.9375,476.875,495.125,34.58571428571428,30.1,16.27142857142857,19.042857142857144,22.228571428571428,52.62857142857143,9.157142857142857,15.971428571428572,444.0,459.8571428571428,876369.0,973558.0,145362.0,175882.0,339939.0,392996.0,2,False,False,False,False,True,False,False,False,False,False,False,False,False,False,False,False,False,False,False,False,False,False,False
CUTERVO,34.70666666666667,28.99333333333333,19.19333333333333,17.12666666666667,26.966666666666665,34.63333333333333,17.346666666666668,21.05333333333333,435.1333333333333,446.4666666666666,30.56428571428572,28.02142857142857,15.071428571428571,26.35,21.87142857142857,39.98571428571428,10.435714285714283,27.707142857142856,457.7142857142857,471.2142857142857,876369.0,973558.0,145362.0,175882.0,339939.0,392996.0,2,False,False,False,False,True,False,False,False,False,False,False,False,False,False,False,False,False,False,False,False,False,False,False
HUALGAYOC,29.633333333333336,28.96666666666667,12.666666666666666,28.76666666666667,20.73333333333333,38.833333333333336,9.9,30.466666666666665,473.0,486.3333333333333,27.633333333333336,36.93333333333333,11.4,24.0,20.366666666666664,39.63333333333333,6.666666666666667,33.333333333333336,464.6666666666667,486.0,876369.0,973558.0,145362.0,175882.0,339939.0,392996.0,1,False,False,False,False,True,False,False,False,False,False,False,False,False,False,False,False,False,False,False,False,False,False,False
JAÉN,33.19166666666667,29.55,15.916666666666666,21.34166666666667,24.84166666666667,36.99166666666667,16.533333333333335,21.641666666666666,450.1666666666667,452.75,32.550000000000004,28.90833333333333,18.216666666666665,20.33333333333333,25.816666666666663,41.99166666666667,16.008333333333333,16.183333333333334,442.9166666666667,441.1666666666667,876369.0,973558.0,145362.0,175882.0,339939.0,392996.0,3,False,False,False,False,True,False,False,False,False,False,False,False,False,False,False,False,False,False,False,False,False,False,False
SAN IGNACIO,28.414285714285715,31.914285714285715,10.742857142857144,28.942857142857143,20.77142857142857,39.5,11.5,28.228571428571428,471.2857142857143,473.4285714285714,28.91428571428571,31.314285714285717,12.514285714285714,27.25714285714286,22.714285714285715,43.32857142857143,9.928571428571429,24.071428571428573,463.8571428571428,465.57142857142856,876369.0,973558.0,145362.0,175882.0,339939.0,392996.0,2,False,False,False,False,True,False,False,False,False,False,False,False,False,False,False,False,False,False,False,False,False,False,False
SAN MARCOS,34.48571428571429,27.485714285714288,21.6,16.442857142857143,23.814285714285717,34.371428571428574,20.571428571428573,21.24285714285714,435.57142857142856,439.1428571428572,34.114285714285714,28.0,19.37142857142857,18.528571428571432,26.87142857142857,42.3,13.828571428571427,17.014285714285716,437.7142857142857,445.2857142857143,876369.0,973558.0,145362.0,175882.0,339939.0,392996.0,2,False,False,False,False,True,False,False,False,False,False,False,False,False,False,False,False,False,False,False,False,False,False,False
SAN MIGUEL,17.415384615384617,41.63076923076923,4.207692307692307,36.75384615384616,8.161538461538461,42.35384615384616,3.869230769230769,45.607692307692304,502.61538461538464,526.0,32.53846153846154,29.56923076923077,10.5,27.346153846153847,21.684615384615384,40.63076923076923,5.807692307692308,31.846153846153847,466.2307692307692,485.9230769230769,876369.0,973558.0,145362.0,175882.0,339939.0,392996.0,1,False,False,False,False,True,False,False,False,False,False,False,False,False,False,False,False,False,False,False,False,False,False,False
SAN PABLO,35.075,31.075,24.925,8.950000000000001,27.15,40.15,16.4,16.275,417.75,441.5,35.625,19.675,32.8,11.925,31.35,38.775,17.15,12.775,406.75,432.5,876369.0,973558.0,145362.0,175882.0,339939.0,392996.0,2,False,False,False,False,True,False,False,False,False,False,False,False,False,False,False,False,False,False,False,False,False,False,False
SANTA CRUZ,25.5,35.27,11.03,28.21,16.25,40.21,7.87,35.69,469.6,490.0,27.318181818181817,37.95454545454545,11.045454545454543,23.727272727272727,16.818181818181817,43.45454545454545,7.336363636363637,32.40909090909091,464.6363636363636,485.54545454545456,876369.0,973558.0,145362.0,175882.0,339939.0,392996.0,2,False,False,False,False,True,False,False,False,False,False,False,False,False,False,False,False,False,False,False,False,False,False,False
ACOMAYO,40.02857142857143,27.77142857142857,20.942857142857143,11.242857142857144,30.428571428571427,40.3,19.914285714285715,9.342857142857143,425.8571428571428,426.4285714285714,35.81428571428572,33.67142857142857,12.828571428571427,17.65714285714286,18.75714285714286,53.18571428571429,8.542857142857143,19.52857142857143,453.0,468.1428571428572,799568.0,898876.0,253924.0,275531.0,484937.0,511898.0,0,False,False,False,False,False,True,False,False,False,False,False,False,False,False,False,False,False,False,False,False,False,False,False
ANTA,43.71111111111112,24.62222222222222,21.03333333333333,10.6,34.355555555555554,33.5,20.166666666666668,11.955555555555556,420.1111111111111,423.3333333333333,29.011111111111116,27.83333333333333,14.033333333333331,29.133333333333333,20.322222222222223,42.1,10.944444444444445,26.64444444444444,462.6666666666667,468.77777777777777,799568.0,898876.0,253924.0,275531.0,484937.0,511898.0,0,False,False,False,False,False,True,False,False,False,False,False,False,False,False,False,False,False,False,False,False,False,False,False
CALCA,38.025,30.15,18.0875,13.8125,29.700000000000003,38.3,15.5375,16.4875,434.25,440.5,28.225,30.025,16.7875,24.9375,22.725,43.9,8.975,24.4125,456.75,469.375,799568.0,898876.0,253924.0,275531.0,484937.0,511898.0,0,False,False,False,False,False,True,False,False,False,False,False,False,False,False,False,False,False,False,False,False,False,False,False
CANAS,46.2875,21.9125,23.025,8.7375,31.325,38.2,20.7625,9.7125,413.125,420.25,41.025,20.1,23.1875,15.675,26.7625,36.2,18.9875,18.1625,422.375,439.625,799568.0,898876.0,253924.0,275531.0,484937.0,511898.0,0,False,False,False,False,False,True,False,False,False,False,False,False,False,False,False,False,False,False,False,False,False,False,False
CANCHIS,32.2625,32.3875,19.25,16.1125,31.125,34.45,15.1375,19.2875,438.25,443.875,25.9875,31.725,11.6125,30.6875,17.4375,43.75,8.35,30.4125,468.25,485.625,799568.0,898876.0,253924.0,275531.0,484937.0,511898.0,0,False,False,False,False,False,True,False,False,False,False,False,False,False,False,False,False,False,False,False,False,False,False,False
CHUMBIVILCAS,40.7625,26.675,20.8,11.725,28.225,38.75,20.1375,12.85,423.5,430.375,31.3125,27.55,22.7625,18.4125,26.4,35.7125,17.125,20.75,436.625,446.125,799568.0,898876.0,253924.0,275531.0,484937.0,511898.0,0,False,False,False,False,False,True,False,False,False,False,False,False,False,False,False,False,False,False,False,False,False,False,False
CUSCO,25.042857142857144,31.514285714285712,7.414285714285714,36.04285714285714,21.02857142857143,41.25714285714286,8.571428571428571,29.12857142857143,490.57142857142856,479.2857142857143,23.31428571428572,31.142857142857142,5.2,40.385714285714286,17.12857142857143,43.21428571428572,4.942857142857143,34.74285714285714,499.2857142857143,497.57142857142856,799568.0,898876.0,253924.0,275531.0,484937.0,511898.0,0,False,False,False,False,False,True,False,False,False,False,False,False,False,False,False,False,False,False,False,False,False,False,False
ESPINAR,36.07142857142857,29.32857142857143,19.02857142857143,15.6,32.5,33.74285714285714,15.87142857142857,17.914285714285715,436.1428571428572,440.0,32.9375,37.825,6.075,23.1625,19.6375,48.9375,6.275,25.15,465.5,474.875,799568.0,898876.0,253924.0,275531.0,484937.0,511898.0,0,False,False,False,False,False,True,False,False,False,False,False,False,False,False,False,False,False,False,False,False,False,False,False
LA CONVENCIÓN,36.23333333333333,32.916666666666664,13.3,17.558333333333334,28.65833333333333,37.91666666666666,16.058333333333334,17.366666666666667,447.5833333333333,442.0833333333333,31.175,28.15,14.666666666666666,26.0,23.641666666666666,38.85,12.925,24.666666666666668,458.6666666666667,462.75,799568.0,898876.0,253924.0,275531.0,484937.0,511898.0,2,False,False,False,False,False,True,False,False,False,False,False,False,False,False,False,False,False,False,False,False,False,False,False
PARURO,41.86666666666667,24.988888888888887,24.93333333333333,8.2,32.95555555555556,29.33333333333333,32.833333333333336,4.9,409.3333333333333,396.3333333333333,23.2625,32.375,14.6,29.75,21.575,37.65,16.075,24.6875,473.75,461.75,799568.0,898876.0,253924.0,275531.0,484937.0,511898.0,0,False,False,False,False,False,True,False,False,False,False,False,False,False,False,False,False,False,False,False,False,False,False,False
PAUCARTAMBO,42.24,25.42,22.06,10.22,36.22,33.22,17.7,12.86,417.2,428.8,36.28,30.34,22.18,11.2,26.34,37.4,14.919999999999998,21.3,424.4,446.0,799568.0,898876.0,253924.0,275531.0,484937.0,511898.0,0,False,False,False,False,False,True,False,False,False,False,False,False,False,False,False,False,False,False,False,False,False,False,False
QUISPICANCHI,37.04166666666666,34.50833333333333,13.366666666666667,15.075,28.53333333333333,43.00833333333333,12.258333333333333,16.191666666666666,445.75,446.5833333333333,33.25833333333333,28.34166666666667,16.566666666666666,21.825,26.183333333333334,39.575,14.591666666666669,19.641666666666666,448.5,450.6666666666667,799568.0,898876.0,253924.0,275531.0,484937.0,511898.0,1,False,False,False,False,False,True,False,False,False,False,False,False,False,False,False,False,False,False,False,False,False,False,False
URUBAMBA,33.6,30.428571428571427,11.814285714285717,24.142857142857142,24.385714285714283,41.471428571428575,11.671428571428573,22.47142857142857,460.7142857142857,460.7142857142857,25.25714285714286,35.57142857142857,8.385714285714286,30.75714285714286,17.214285714285715,45.75714285714286,6.142857142857143,30.87142857142857,478.8571428571428,485.2857142857143,799568.0,898876.0,253924.0,275531.0,484937.0,511898.0,1,False,False,False,False,False,True,False,False,False,False,False,False,False,False,False,False,False,False,False,False,False,False,False
ACOBAMBA,30.7875,28.9875,16.225,24.0125,27.5875,39.525,9.55,23.3375,452.0,461.375,29.8,40.4,8.1125,21.7,16.7875,54.0875,3.9,25.2125,464.125,481.75,323074.0,360197.0,851077.0,1129287.0,27572.0,31263.0,1,False,False,False,False,False,False,True,False,False,False,False,False,False,False,False,False,False,False,False,False,False,False,False
ANGARAES,31.558333333333334,37.28333333333334,12.583333333333334,18.58333333333333,15.808333333333332,37.175,9.8,37.23333333333333,452.0833333333333,491.6666666666667,36.73333333333333,27.766666666666666,17.855555555555554,17.644444444444446,18.41111111111111,50.12222222222223,11.11111111111111,20.355555555555554,440.0,464.1111111111111,323074.0,360197.0,851077.0,1129287.0,27572.0,31263.0,0,False,False,False,False,False,False,True,False,False,False,False,False,False,False,False,False,False,False,False,False,False,False,False
CASTROVIRREYNA,49.32,33.61,6.540000000000001,10.52,33.61,48.71,6.65,11.02,443.7,445.9,32.17,27.24,10.53,30.06,24.97,43.32,4.41,27.39,457.7,472.2,323074.0,360197.0,851077.0,1129287.0,27572.0,31263.0,2,False,False,False,False,False,False,True,False,False,False,False,False,False,False,False,False,False,False,False,False,False,False,False
CHURCAMPA,34.31,30.6,17.8,17.28,33.71,33.52,14.15,18.630000000000003,442.7,444.7,30.630000000000003,28.3,14.64,26.43,19.8,45.71,9.71,24.79,455.7,467.6,323074.0,360197.0,851077.0,1129287.0,27572.0,31263.0,0,False,False,False,False,False,False,True,False,False,False,False,False,False,False,False,False,False,False,False,False,False,False,False
HUANCAVELICA,33.805263157894736,33.189473684210526,15.5,17.510526315789473,27.657894736842103,35.63157894736842,15.3,21.431578947368426,446.6315789473685,449.89473684210526,32.60526315789474,27.210526315789476,15.8,24.38421052631579,23.457894736842103,45.03157894736842,8.34736842105263,23.14210526315789,448.8421052631579,470.10526315789474,323074.0,360197.0,851077.0,1129287.0,27572.0,31263.0,1,False,False,False,False,False,False,True,False,False,False,False,False,False,False,False,False,False,False,False,False,False,False,False
HUAYTARÁ,24.32,43.55,8.34,23.82,27.87,47.69,4.05,20.39,476.1,464.4,38.5,23.90909090909091,15.88181818181818,21.71818181818182,28.92727272727273,42.10909090909091,11.481818181818182,17.481818181818184,442.54545454545456,449.54545454545456,323074.0,360197.0,851077.0,1129287.0,27572.0,31263.0,2,False,False,False,False,False,False,True,False,False,False,False,False,False,False,False,False,False,False,False,False,False,False,False
TAYACAJA,38.894444444444446,34.19444444444444,14.827777777777776,12.06111111111111,27.5,43.144444444444446,14.72777777777778,14.622222222222222,436.8888888888889,442.77777777777777,32.5,27.85,14.93,24.72,22.36,39.89,9.255,28.485000000000003,452.65,477.1,323074.0,360197.0,851077.0,1129287.0,27572.0,31263.0,0,False,False,False,False,False,False,True,False,False,False,False,False,False,False,False,False,False,False,False,False,False,False,False
AMBO,35.475,29.8,18.45,16.25,25.025,38.625,17.8375,18.5125,437.0,443.375,33.5125,29.2,20.7875,16.5625,26.8625,38.625,17.8875,16.6625,435.0,441.625,536964.0,600651.0,111524.0,364012.0,202087.0,220337.0,3,False,False,False,False,False,False,False,True,False,False,False,False,False,False,False,False,False,False,False,False,False,False,False
DOS DE MAYO,35.18888888888889,27.677777777777777,24.34444444444445,12.788888888888888,28.78888888888889,34.75555555555556,22.03333333333333,14.433333333333334,423.44444444444446,424.77777777777777,39.28888888888889,19.3,32.7,8.711111111111112,36.17777777777778,30.266666666666666,24.944444444444443,8.588888888888889,398.22222222222223,408.1111111111111,536964.0,600651.0,111524.0,364012.0,202087.0,220337.0,2,False,False,False,False,False,False,False,True,False,False,False,False,False,False,False,False,False,False,False,False,False,False,False
HUACAYBAMBA,35.575,17.95,42.85,3.6,28.825,14.8,51.725,4.65,380.0,365.5,36.275,18.125,34.075,11.475,28.475,29.35,35.95,6.225,400.0,396.5,536964.0,600651.0,111524.0,364012.0,202087.0,220337.0,3,False,False,False,False,False,False,False,True,False,False,False,False,False,False,False,False,False,False,False,False,False,False,False
HUAMALÍES,42.08181818181818,17.509090909090908,33.0,7.436363636363636,36.83636363636364,24.172727272727272,34.17272727272727,4.809090909090909,397.7272727272728,389.1818181818182,39.627272727272725,25.8,25.75454545454545,8.827272727272726,38.64545454545455,32.481818181818184,17.118181818181817,11.78181818181818,414.54545454545456,421.09090909090907,536964.0,600651.0,111524.0,364012.0,202087.0,220337.0,2,False,False,False,False,False,False,False,True,False,False,False,False,False,False,False,False,False,False,False,False,False,False,False
HUÁNUCO,36.63076923076923,22.85384615384616,30.0,10.5,26.6,31.67692307692308,31.93846153846154,9.792307692307691,409.1538461538461,406.61538461538464,33.684615384615384,23.23846153846154,28.807692307692307,14.253846153846156,27.76923076923077,33.57692307692308,24.207692307692305,14.446153846153846,417.46153846153845,423.5384615384616,536964.0,600651.0,111524.0,364012.0,202087.0,220337.0,3,False,False,False,False,False,False,False,True,False,False,False,False,False,False,False,False,False,False,False,False,False,False,False
LAURICOCHA,37.457142857142856,21.728571428571428,20.557142857142853,20.25714285714286,30.52857142857143,19.67142857142857,27.87142857142857,21.928571428571427,451.7142857142857,436.7142857142857,28.228571428571428,38.55714285714286,14.742857142857144,18.457142857142856,19.557142857142857,37.12857142857143,12.757142857142856,30.557142857142857,454.0,472.0,536964.0,600651.0,111524.0,364012.0,202087.0,220337.0,2,False,False,False,False,False,False,False,True,False,False,False,False,False,False,False,False,False,False,False,False,False,False,False
LEONCIO PRADO,37.0875,35.475,13.025,14.4,31.8125,40.175,15.525,12.475,445.625,432.625,31.75,31.6,16.07,20.58,25.19,43.39,12.23,19.19,447.1,452.7,536964.0,600651.0,111524.0,364012.0,202087.0,220337.0,2,False,False,False,False,False,False,False,True,False,False,False,False,False,False,False,False,False,False,False,False,False,False,False
MARAÑÓN,36.36,27.7,28.04,7.88,33.2,36.3,22.98,7.540000000000001,409.6,412.6,34.260000000000005,22.22,34.720000000000006,8.82,35.239999999999995,27.3,28.96,8.540000000000001,400.0,401.2,536964.0,600651.0,111524.0,364012.0,202087.0,220337.0,2,False,False,False,False,False,False,False,True,False,False,False,False,False,False,False,False,False,False,False,False,False,False,False
PACHITEA,39.35,24.675,24.975,11.0,30.3,37.45,19.35,12.875,417.75,428.5,37.7,25.55,24.25,12.475,26.95,39.625,16.825,16.65,418.25,441.25,536964.0,600651.0,111524.0,364012.0,202087.0,220337.0,2,False,False,False,False,False,False,False,True,False,False,False,False,False,False,False,False,False,False,False,False,False,False,False
PUERTO INCA,35.96,29.379999999999995,21.08,13.62,32.72,31.4,24.74,11.14,428.2,417.0,39.15,25.05,25.975,9.825,36.275,32.15,24.225,7.325,413.0,406.25,536964.0,600651.0,111524.0,364012.0,202087.0,220337.0,3,False,False,False,False,False,False,False,True,False,False,False,False,False,False,False,False,False,False,False,False,False,False,False
YAROWILCA,37.1625,23.475,31.9125,7.45,34.275,24.775,32.1875,8.7625,403.375,400.75,33.35,29.1375,27.5875,9.9375,25.5375,37.975,23.05,13.4375,413.375,424.125,536964.0,600651.0,111524.0,364012.0,202087.0,220337.0,2,False,False,False,False,False,False,False,True,False,False,False,False,False,False,False,False,False,False,False,False,False,False,False
CHINCHA,35.24444444444444,31.04444444444444,10.811111111111112,22.866666666666667,29.5,41.48888888888889,10.833333333333334,18.177777777777777,461.55555555555554,447.1111111111111,26.266666666666666,26.72222222222222,22.72222222222222,24.27777777777778,20.33333333333333,34.766666666666666,21.444444444444443,23.466666666666665,445.8888888888889,451.1111111111111,506654.0,543283.0,238705.0,276336.0,420872.0,529318.0,1,False,False,False,False,False,False,False,False,True,False,False,False,False,False,False,False,False,False,False,False,False,False,False
ICA,28.515384615384612,36.215384615384615,6.753846153846154,28.484615384615385,22.138461538461534,43.83846153846154,7.184615384615385,26.82307692307692,477.3076923076923,475.3076923076923,24.885714285714283,34.18571428571429,9.114285714285714,31.821428571428573,19.24285714285714,43.04285714285714,8.114285714285714,29.62857142857143,479.0,480.2857142857143,506654.0,543283.0,238705.0,276336.0,420872.0,529318.0,1,False,False,False,False,False,False,False,False,True,False,False,False,False,False,False,False,False,False,False,False,False,False,False
NAZCA,20.32,36.28,3.78,39.58,13.8,39.82,2.46,43.96,503.6,516.2,19.76,35.94,7.8,36.54,13.76,41.2,8.22,36.8,493.6,497.4,506654.0,543283.0,238705.0,276336.0,420872.0,529318.0,0,False,False,False,False,False,False,False,False,True,False,False,False,False,False,False,False,False,False,False,False,False,False,False
PALPA,23.76,47.88,1.24,27.140000000000004,15.06,43.6,0.54,40.84,506.4,534.8,27.5,33.425,4.0,35.075,10.375,48.55,5.475,35.6,483.5,499.25,506654.0,543283.0,238705.0,276336.0,420872.0,529318.0,0,False,False,False,False,False,False,False,False,True,False,False,False,False,False,False,False,False,False,False,False,False,False,False
PISCO,28.65,31.7375,10.0125,29.5875,25.9625,43.6875,9.3375,21.0125,473.5,463.375,24.775,32.5875,8.912500000000001,33.7375,16.025,41.9,10.6625,31.4125,481.75,482.75,506654.0,543283.0,238705.0,276336.0,420872.0,529318.0,1,False,False,False,False,False,False,False,False,True,False,False,False,False,False,False,False,False,False,False,False,False,False,False
CHANCHAMAYO,32.15,36.0,5.033333333333333,26.816666666666663,30.46666666666667,34.666666666666664,9.966666666666669,24.850000000000005,478.0,465.5,32.550000000000004,33.85,9.666666666666666,23.88333333333333,21.28333333333333,45.03333333333333,6.75,26.73333333333333,463.6666666666667,473.3333333333333,827456.0,925815.0,330265.0,388707.0,490849.0,575488.0,1,False,False,False,False,False,False,False,False,False,True,False,False,False,False,False,False,False,False,False,False,False,False,False
CHUPACA,31.466666666666665,38.16666666666666,9.31111111111111,21.022222222222226,23.33333333333333,46.84444444444444,7.888888888888889,21.966666666666665,461.6666666666667,464.3333333333333,28.522222222222226,33.52222222222222,8.444444444444445,29.488888888888887,21.27777777777778,43.16666666666666,8.022222222222222,27.522222222222226,475.3333333333333,477.55555555555554,827456.0,925815.0,330265.0,388707.0,490849.0,575488.0,1,False,False,False,False,False,False,False,False,False,True,False,False,False,False,False,False,False,False,False,False,False,False,False
CONCEPCIÓN,35.94666666666667,29.766666666666666,18.086666666666662,16.213333333333335,28.246666666666663,40.44666666666667,18.26,13.066666666666666,439.3333333333333,432.9333333333333,29.82,28.866666666666667,22.126666666666665,19.21333333333333,27.273333333333333,40.3,14.706666666666669,17.726666666666667,437.3333333333333,443.4666666666666,827456.0,925815.0,330265.0,388707.0,490849.0,575488.0,1,False,False,False,False,False,False,False,False,False,True,False,False,False,False,False,False,False,False,False,False,False,False,False
HUANCAYO,32.762962962962966,32.71111111111112,9.68888888888889,24.85185185185185,23.385185185185183,42.34444444444444,9.748148148148148,24.53333333333333,464.962962962963,469.5925925925926,21.044444444444448,36.99629629629629,8.177777777777779,33.788888888888884,15.62962962962963,41.58518518518518,6.051851851851852,36.71851851851852,485.2962962962963,494.8888888888889,827456.0,925815.0,330265.0,388707.0,490849.0,575488.0,0,False,False,False,False,False,False,False,False,False,True,False,False,False,False,False,False,False,False,False,False,False,False,False
JAUJA,30.73225806451613,36.561290322580646,8.235483870967743,24.48064516129032,23.76129032258065,43.380645161290325,9.174193548387096,23.66774193548387,468.9354838709677,466.8709677419355,27.455882352941178,31.394117647058827,11.623529411764704,29.53235294117647,20.40882352941176,41.9735294117647,7.897058823529412,29.72647058823529,470.9705882352941,484.1470588235294,827456.0,925815.0,330265.0,388707.0,490849.0,575488.0,1,False,False,False,False,False,False,False,False,False,True,False,False,False,False,False,False,False,False,False,False,False,False,False
JUNÍN,32.075,25.0,14.175,28.725,13.25,35.425,17.725,33.625,463.0,476.75,21.925,33.05,14.575,30.4,14.425,34.95,10.35,40.25,470.25,499.0,827456.0,925815.0,330265.0,388707.0,490849.0,575488.0,1,False,False,False,False,False,False,False,False,False,True,False,False,False,False,False,False,False,False,False,False,False,False,False
SATIPO,29.0375,35.075,10.4375,25.5,21.9125,44.8375,11.5875,21.7,466.125,460.5,29.95,27.5375,17.75,24.7625,22.2125,40.4375,13.1625,24.2,451.125,461.75,827456.0,925815.0,330265.0,388707.0,490849.0,575488.0,1,False,False,False,False,False,False,False,False,False,True,False,False,False,False,False,False,False,False,False,False,False,False,False
TARMA,31.744444444444444,34.111111111111114,13.633333333333333,20.48888888888889,25.48888888888889,39.74444444444444,15.511111111111113,19.27777777777778,453.6666666666667,449.55555555555554,32.5,29.53333333333333,15.155555555555557,22.8,24.666666666666668,37.72222222222222,12.455555555555556,25.166666666666668,453.0,461.55555555555554,827456.0,925815.0,330265.0,388707.0,490849.0,575488.0,2,False,False,False,False,False,False,False,False,False,True,False,False,False,False,False,False,False,False,False,False,False,False,False
YAULI,24.38888888888889,36.08888888888889,7.2444444444444445,32.266666666666666,20.433333333333334,45.65555555555555,6.655555555555555,27.266666666666666,486.44444444444446,476.8888888888889,23.33333333333333,33.0,9.044444444444444,34.611111111111114,14.377777777777778,40.82222222222222,6.633333333333334,38.15555555555555,489.22222222222223,499.6666666666667,827456.0,925815.0,330265.0,388707.0,490849.0,575488.0,0,False,False,False,False,False,False,False,False,False,True,False,False,False,False,False,False,False,False,False,False,False,False,False
ASCOPE,28.2375,35.0625,7.375,29.2875,22.8625,46.4625,9.4125,21.2375,477.25,465.25,28.357142857142858,34.17142857142857,7.828571428571428,29.67142857142857,21.814285714285717,42.34285714285714,7.957142857142857,27.928571428571427,475.7142857142857,474.1428571428572,993610.0,1075544.0,243686.0,218544.0,994168.0,1196505.0,1,False,False,False,False,False,False,False,False,False,False,True,False,False,False,False,False,False,False,False,False,False,False,False
BOLÍVAR,40.65,24.8,21.1,13.433333333333335,33.483333333333334,29.683333333333334,25.566666666666663,11.316666666666668,425.5,418.1666666666667,26.9,25.4,24.866666666666664,22.85,21.3,37.35,22.73333333333333,18.6,436.3333333333333,439.0,993610.0,1075544.0,243686.0,218544.0,994168.0,1196505.0,3,False,False,False,False,False,False,False,False,False,False,True,False,False,False,False,False,False,False,False,False,False,False,False
CHEPÉN,30.23333333333333,31.73333333333333,10.0,28.03333333333333,26.9,43.53333333333333,11.2,18.366666666666667,469.0,453.0,26.2,36.8,6.6000000000000005,30.33333333333333,20.96666666666667,48.333333333333336,4.9,25.766666666666666,480.3333333333333,478.0,993610.0,1075544.0,243686.0,218544.0,994168.0,1196505.0,1,False,False,False,False,False,False,False,False,False,False,True,False,False,False,False,False,False,False,False,False,False,False,False
GRAN CHIMÚ,29.4,33.925,19.0,17.65,23.375,42.35,15.75,18.575,443.25,451.5,31.525,30.625,14.775,23.05,21.125,44.325,9.925,24.6,453.5,467.0,993610.0,1075544.0,243686.0,218544.0,994168.0,1196505.0,2,False,False,False,False,False,False,False,False,False,False,True,False,False,False,False,False,False,False,False,False,False,False,False
JULCÁN,42.275,22.2,27.325,8.175,34.95,28.8,27.35,8.875,408.25,409.25,30.775,19.575,34.675,15.0,27.85,32.0,25.075,15.05,412.5,423.25,993610.0,1075544.0,243686.0,218544.0,994168.0,1196505.0,3,False,False,False,False,False,False,False,False,False,False,True,False,False,False,False,False,False,False,False,False,False,False,False
OTUZCO,30.8625,34.9,18.3875,15.8125,25.05,35.1375,21.7125,18.1,444.25,438.25,36.02,28.98,21.2,13.78,29.57,35.03,16.81,18.59,427.4,437.5,993610.0,1075544.0,243686.0,218544.0,994168.0,1196505.0,3,False,False,False,False,False,False,False,False,False,False,True,False,False,False,False,False,False,False,False,False,False,False,False
PACASMAYO,22.46,36.48,2.38,38.720000000000006,13.44,47.06,4.5200000000000005,34.98,499.4,496.6,24.12,38.02,5.340000000000001,32.46,18.52,46.0,5.38,30.14,487.2,486.0,993610.0,1075544.0,243686.0,218544.0,994168.0,1196505.0,1,False,False,False,False,False,False,False,False,False,False,True,False,False,False,False,False,False,False,False,False,False,False,False
PATAZ,39.00833333333333,24.133333333333336,24.441666666666663,12.416666666666666,28.55,32.266666666666666,26.05,13.166666666666666,419.5833333333333,419.4166666666667,33.707692307692305,21.5,24.16923076923077,20.607692307692307,29.784615384615385,27.96153846153846,22.77692307692308,19.476923076923075,432.84615384615387,431.0769230769231,993610.0,1075544.0,243686.0,218544.0,994168.0,1196505.0,3,False,False,False,False,False,False,False,False,False,False,True,False,False,False,False,False,False,False,False,False,False,False,False
SANTIAGO DE CHUCO,35.8,28.725,19.825,15.675,28.525,35.875,20.5,15.1,430.5,431.125,38.9875,26.625,21.275,13.1375,33.975,39.2,16.0375,10.85,422.0,427.375,993610.0,1075544.0,243686.0,218544.0,994168.0,1196505.0,3,False,False,False,False,False,False,False,False,False,False,True,False,False,False,False,False,False,False,False,False,False,False,False
SÁNCHEZ CARRIÓN,37.7,21.65,31.6,9.05,30.6875,28.05,32.85,8.3625,403.875,402.0,36.1,18.975,34.425,10.525,32.5,29.6125,26.75,11.2,402.25,410.625,993610.0,1075544.0,243686.0,218544.0,994168.0,1196505.0,3,False,False,False,False,False,False,False,False,False,False,True,False,False,False,False,False,False,False,False,False,False,False,False
TRUJILLO,25.327272727272728,36.99090909090909,6.718181818181819,30.94545454545454,21.75454545454545,46.054545454545455,9.881818181818184,22.30909090909091,485.45454545454544,464.27272727272725,25.05454545454546,33.70909090909091,7.027272727272727,34.20909090909091,21.88181818181818,45.25454545454546,6.509090909090909,26.35454545454545,485.0,476.27272727272725,993610.0,1075544.0,243686.0,218544.0,994168.0,1196505.0,1,False,False,False,False,False,False,False,False,False,False,True,False,False,False,False,False,False,False,False,False,False,False,False
VIRÚ,31.133333333333336,40.23333333333333,7.266666666666666,21.3,25.3,45.63333333333333,9.6,19.433333333333334,467.6666666666667,457.6666666666667,31.399999999999995,33.63333333333333,9.666666666666666,25.33333333333333,24.3,47.23333333333333,9.166666666666666,19.33333333333333,464.6666666666667,459.3333333333333,993610.0,1075544.0,243686.0,218544.0,994168.0,1196505.0,2,False,False,False,False,False,False,False,False,False,False,True,False,False,False,False,False,False,False,False,False,False,False,False
CHICLAYO,28.435,34.285000000000004,6.615,30.675,25.22,42.355,8.525,23.905,480.35,467.05,31.155,31.905,11.15,25.79,25.29,41.56,11.175,21.975,463.65,459.15,764005.0,815803.0,127661.0,126664.0,663412.0,746628.0,1,False,False,False,False,False,False,False,False,False,False,False,True,False,False,False,False,False,False,False,False,False,False,False
FERREÑAFE,30.416666666666668,31.616666666666664,21.683333333333334,16.3,29.416666666666668,34.45,23.0,13.133333333333333,437.8333333333333,424.5,33.583333333333336,28.916666666666668,18.133333333333333,19.33333333333333,26.666666666666668,42.25,15.15,15.866666666666667,443.0,442.6666666666667,764005.0,815803.0,127661.0,126664.0,663412.0,746628.0,1,False,False,False,False,False,False,False,False,False,False,False,True,False,False,False,False,False,False,False,False,False,False,False
LAMBAYEQUE,34.09166666666667,34.03333333333333,11.1,20.775,28.45,41.10833333333333,13.625,16.808333333333334,456.75,445.6666666666667,33.25,31.875,14.5,20.383333333333333,27.375,41.55,11.966666666666669,19.091666666666665,449.6666666666667,451.6666666666667,764005.0,815803.0,127661.0,126664.0,663412.0,746628.0,2,False,False,False,False,False,False,False,False,False,False,False,True,False,False,False,False,False,False,False,False,False,False,False
BARRANCA,21.86,37.0,4.16,37.0,18.54,43.82,5.48,32.160000000000004,496.8,488.6,21.58,36.92,5.74,35.7,19.42,43.0,4.779999999999999,32.8,495.0,493.0,12482457.0,13302086.0,5007363.0,4933879.0,13336892.0,14991967.0,1,False,False,False,False,False,False,False,False,False,False,False,False,True,False,False,False,False,False,False,False,False,False,False
CAJATAMBO,25.16,40.54,11.16,23.14,29.28,39.42,6.94,24.380000000000003,475.0,469.4,25.08,34.480000000000004,8.059999999999999,32.38,24.36,40.24,1.08,34.3,479.8,494.0,12482457.0,13302086.0,5007363.0,4933879.0,13336892.0,14991967.0,2,False,False,False,False,False,False,False,False,False,False,False,False,True,False,False,False,False,False,False,False,False,False,False
CANTA,19.74,29.62,7.88,42.760000000000005,9.88,37.260000000000005,6.2,46.66,501.8,526.0,30.65,30.03333333333333,8.0,31.316666666666663,19.7,37.91666666666666,10.433333333333334,31.98333333333333,472.8333333333333,483.1666666666667,12482457.0,13302086.0,5007363.0,4933879.0,13336892.0,14991967.0,1,False,False,False,False,False,False,False,False,False,False,False,False,True,False,False,False,False,False,False,False,False,False,False
CAÑETE,23.3,35.29375,7.14375,34.24375,21.66875,41.7625,7.7375,28.825,486.875,479.3125,26.65,32.1125,11.93125,29.30625,21.9625,41.5,10.7125,25.80625,468.3125,468.0625,12482457.0,13302086.0,5007363.0,4933879.0,13336892.0,14991967.0,0,False,False,False,False,False,False,False,False,False,False,False,False,True,False,False,False,False,False,False,False,False,False,False
HUARAL,28.177777777777777,31.33333333333333,16.200000000000003,24.288888888888888,24.133333333333333,45.52222222222222,14.544444444444444,15.811111111111112,459.0,446.0,39.0,34.2875,10.1625,16.525,22.5625,43.8625,16.4875,17.0875,456.875,451.5,12482457.0,13302086.0,5007363.0,4933879.0,13336892.0,14991967.0,2,False,False,False,False,False,False,False,False,False,False,False,False,True,False,False,False,False,False,False,False,False,False,False
HUAROCHIRÍ,33.315384615384616,25.75769230769231,17.392307692307693,23.534615384615385,25.83076923076923,39.28846153846154,16.315384615384616,18.58076923076923,451.96153846153845,443.3076923076923,28.60384615384616,33.38076923076923,11.203846153846154,26.819230769230767,21.684615384615384,42.45384615384615,8.584615384615386,27.273076923076925,466.1923076923077,475.2692307692308,12482457.0,13302086.0,5007363.0,4933879.0,13336892.0,14991967.0,1,False,False,False,False,False,False,False,False,False,False,False,False,True,False,False,False,False,False,False,False,False,False,False
HUAURA,30.472727272727276,35.654545454545456,9.172727272727272,24.69090909090909,23.781818181818185,43.28181818181818,12.236363636363636,20.7,468.54545454545456,454.9090909090909,32.99090909090909,35.527272727272724,7.790909090909091,23.7,20.027272727272727,49.10909090909092,6.7727272727272725,24.08181818181818,464.45454545454544,471.9090909090909,12482457.0,13302086.0,5007363.0,4933879.0,13336892.0,14991967.0,1,False,False,False,False,False,False,False,False,False,False,False,False,True,False,False,False,False,False,False,False,False,False,False
LIMA,20.104761904761904,33.166666666666664,3.423809523809524,43.32380952380952,18.985714285714284,45.7952380952381,4.573809523809524,30.64523809523809,512.2857142857143,487.6666666666667,18.211627906976744,31.665116279069764,4.17906976744186,45.948837209302326,15.85813953488372,41.46976744186047,4.104651162790698,38.58604651162791,512.6279069767442,502.2325581395349,12482457.0,13302086.0,5007363.0,4933879.0,13336892.0,14991967.0,0,False,False,False,False,False,False,False,False,False,False,False,False,True,False,False,False,False,False,False,False,False,False,False
OYÓN,36.0,33.5,14.02,16.48,33.54,41.2,9.28,16.0,450.4,445.0,26.825,23.325,17.15,32.65,16.275,38.275,13.075,32.4,466.5,480.75,12482457.0,13302086.0,5007363.0,4933879.0,13336892.0,14991967.0,3,False,False,False,False,False,False,False,False,False,False,False,False,True,False,False,False,False,False,False,False,False,False,False
YAUYOS,29.204761904761902,37.83809523809524,4.938095238095238,28.01904761904762,17.104761904761904,39.07142857142857,6.780952380952381,37.04285714285714,480.9047619047619,488.4285714285714,24.9,32.481818181818184,16.818181818181817,25.79090909090909,19.572727272727278,46.78636363636363,9.25,24.38636363636364,462.7272727272728,471.77272727272725,12482457.0,13302086.0,5007363.0,4933879.0,13336892.0,14991967.0,3,False,False,False,False,False,False,False,False,False,False,False,False,True,False,False,False,False,False,False,False,False,False,False
ALTO AMAZONAS,33.980000000000004,13.88,47.38,4.76,28.0,11.0,58.64,2.4,372.6,343.8,32.3,16.65,42.65,8.375,31.025,19.125,44.375,5.45,384.0,371.75,650847.0,723295.0,104206.0,109151.0,264324.0,310335.0,3,False,False,False,False,False,False,False,False,False,False,False,False,False,True,False,False,False,False,False,False,False,False,False
DATEM DEL MARAÑÓN,30.875,17.7,41.95,9.45,24.175,19.875,47.5,8.4,391.0,379.25,28.4,13.0,53.275,5.35,27.275,13.775,57.225,1.7000000000000002,360.5,346.75,650847.0,723295.0,104206.0,109151.0,264324.0,310335.0,3,False,False,False,False,False,False,False,False,False,False,False,False,False,True,False,False,False,False,False,False,False,False,False
LORETO,36.55,10.35,50.15,2.925,30.625,12.025,56.35,1.025,359.5,343.75,26.625,10.425,59.35,3.6,28.075,10.4,59.975,1.55,349.75,343.75,650847.0,723295.0,104206.0,109151.0,264324.0,310335.0,3,False,False,False,False,False,False,False,False,False,False,False,False,False,True,False,False,False,False,False,False,False,False,False
MARISCAL RAMÓN CASTILLA,38.425,12.75,45.725,3.1,31.95,13.775,53.175,1.15,370.25,353.25,31.325,12.225,53.05,3.4,27.125,13.25,57.475,1.9,357.75,347.0,650847.0,723295.0,104206.0,109151.0,264324.0,310335.0,3,False,False,False,False,False,False,False,False,False,False,False,False,False,True,False,False,False,False,False,False,False,False,False
MAYNAS,32.239999999999995,18.69,40.64,8.43,28.69,16.61,50.73,3.98,388.7,361.0,29.35,16.259999999999998,46.28,8.11,30.65,18.93,46.26,4.2700000000000005,376.4,365.6,650847.0,723295.0,104206.0,109151.0,264324.0,310335.0,3,False,False,False,False,False,False,False,False,False,False,False,False,False,True,False,False,False,False,False,False,False,False,False
PUTUMAYO,40.55,31.05,20.75,7.6,41.55,20.95,35.05,2.5,421.0,383.5,34.55,17.0,40.6,7.875,29.775,28.65,36.85,4.7,385.75,387.75,650847.0,723295.0,104206.0,109151.0,264324.0,310335.0,3,False,False,False,False,False,False,False,False,False,False,False,False,False,True,False,False,False,False,False,False,False,False,False
REQUENA,31.9,8.82,56.220000000000006,3.07,25.07,10.48,61.92,2.53,357.0,341.4,22.47,5.94,68.2,3.3600000000000003,22.33,9.92,65.33000000000001,2.41,335.3,337.0,650847.0,723295.0,104206.0,109151.0,264324.0,310335.0,3,False,False,False,False,False,False,False,False,False,False,False,False,False,True,False,False,False,False,False,False,False,False,False
UCAYALI,34.666666666666664,20.316666666666663,36.98333333333333,8.049999999999999,28.266666666666666,20.03333333333333,44.1,7.583333333333333,396.5,381.1666666666667,28.2,12.483333333333334,46.98333333333333,12.316666666666665,25.766666666666666,17.833333333333332,48.6,7.8,383.5,374.6666666666667,650847.0,723295.0,104206.0,109151.0,264324.0,310335.0,3,False,False,False,False,False,False,False,False,False,False,False,False,False,True,False,False,False,False,False,False,False,False,False
MANU,40.375,25.725,20.325,13.55,20.725,39.2,31.8,8.2,425.5,411.5,34.725,23.05,21.3,20.925,31.475,36.025,15.575,16.925,435.5,438.0,103724.0,112922.0,17994.0,20526.0,46441.0,48908.0,1,False,False,False,False,False,False,False,False,False,False,False,False,False,False,True,False,False,False,False,False,False,False,False
TAHUAMANU,36.3,40.7,8.95,14.05,36.75,33.3,20.85,9.05,451.5,413.5,38.9,31.0,13.733333333333334,16.366666666666667,39.5,40.9,8.733333333333334,10.833333333333334,446.3333333333333,433.0,103724.0,112922.0,17994.0,20526.0,46441.0,48908.0,3,False,False,False,False,False,False,False,False,False,False,False,False,False,False,True,False,False,False,False,False,False,False,False
TAMBOPATA,36.45,34.35,13.15,15.975,35.05,39.0,14.575,11.325,446.5,430.25,32.625,32.425,12.8,22.125,26.475,40.125,14.825,18.6,453.5,447.25,103724.0,112922.0,17994.0,20526.0,46441.0,48908.0,2,False,False,False,False,False,False,False,False,False,False,False,False,False,False,True,False,False,False,False,False,False,False,False
GENERAL SÁNCHEZ CERRO,22.11428571428571,37.957142857142856,7.514285714285714,32.42857142857143,19.385714285714283,31.2,7.442857142857142,41.971428571428575,497.0,508.0,22.95,23.616666666666664,7.099999999999999,46.35,15.45,42.26666666666667,5.0,37.28333333333333,513.3333333333334,499.6666666666667,229623.0,238765.0,392139.0,218787.0,85131.0,99421.0,0,False,False,False,False,False,False,False,False,False,False,False,False,False,False,False,True,False,False,False,False,False,False,False
ILO,20.066666666666663,37.76666666666667,1.4,40.8,22.866666666666664,38.46666666666667,0.8666666666666667,37.76666666666667,512.6666666666666,501.0,27.766666666666666,27.83333333333333,2.6333333333333333,41.766666666666666,16.233333333333334,40.1,2.033333333333333,41.6,502.0,511.6666666666667,229623.0,238765.0,392139.0,218787.0,85131.0,99421.0,0,False,False,False,False,False,False,False,False,False,False,False,False,False,False,False,True,False,False,False,False,False,False,False
MARISCAL NIETO,20.6,27.32,6.8,45.28,14.52,42.98,4.14,38.36,506.8,504.0,19.18,29.0,6.2,45.64,11.98,31.2,5.42,51.4,514.6,523.4,229623.0,238765.0,392139.0,218787.0,85131.0,99421.0,0,False,False,False,False,False,False,False,False,False,False,False,False,False,False,False,True,False,False,False,False,False,False,False
DANIEL ALCIDES CARRIÓN,36.1375,36.525,4.35,23.0125,18.4125,38.4625,5.625,37.525,473.25,496.375,30.55,30.1,6.7875,32.5625,20.1375,41.7625,1.725,36.375,475.375,507.5,208774.0,223997.0,62777.0,72273.0,57884.0,63844.0,0,False,False,False,False,False,False,False,False,False,False,False,False,False,False,False,False,True,False,False,False,False,False,False
OXAPAMPA,30.725,31.675,13.7875,23.8125,24.075,39.75,15.8,20.375,457.625,451.5,22.7,29.2875,21.575,26.4375,20.575,40.7,18.5,20.25,452.5,452.25,208774.0,223997.0,62777.0,72273.0,57884.0,63844.0,1,False,False,False,False,False,False,False,False,False,False,False,False,False,False,False,False,True,False,False,False,False,False,False
PASCO,26.46923076923077,36.07692307692308,7.538461538461538,29.907692307692308,21.21538461538461,44.95384615384615,6.4,27.46153846153846,479.2307692307692,477.0,24.96923076923077,30.77692307692308,7.784615384615384,36.46153846153846,18.37692307692308,41.869230769230775,4.053846153846154,35.715384615384615,487.38461538461536,494.61538461538464,208774.0,223997.0,62777.0,72273.0,57884.0,63844.0,0,False,False,False,False,False,False,False,False,False,False,False,False,False,False,False,False,True,False,False,False,False,False,False
AYABACA,29.69,32.260000000000005,15.420000000000002,22.6,24.78,40.53,16.28,18.43,453.1,445.8,35.410000000000004,29.95,13.7,20.94,27.54,40.92,11.45,20.08,449.3,453.6,1142032.0,1207441.0,317449.0,361714.0,638874.0,736917.0,3,False,False,False,False,False,False,False,False,False,False,False,False,False,False,False,False,False,True,False,False,False,False,False
HUANCABAMBA,38.4875,22.7125,24.5,14.3125,29.725,30.25,26.375,13.675,423.375,419.0,33.5375,27.05,23.6875,15.725,30.9125,35.2,19.3875,14.5,427.75,430.0,1142032.0,1207441.0,317449.0,361714.0,638874.0,736917.0,3,False,False,False,False,False,False,False,False,False,False,False,False,False,False,False,False,False,True,False,False,False,False,False
MORROPÓN,24.630000000000003,39.79,7.0,28.59,21.37,44.09,9.06,25.46,479.1,476.3,25.92,32.11,10.4,31.58,21.22,44.24,9.02,25.52,475.2,472.1,1142032.0,1207441.0,317449.0,361714.0,638874.0,736917.0,2,False,False,False,False,False,False,False,False,False,False,False,False,False,False,False,False,False,True,False,False,False,False,False
PAITA,35.385714285714286,30.085714285714285,8.542857142857143,26.0,26.928571428571427,38.785714285714285,11.314285714285717,22.97142857142857,465.0,458.7142857142857,25.414285714285715,36.75714285714286,8.814285714285715,29.014285714285712,20.685714285714283,49.48571428571428,9.385714285714286,20.457142857142856,476.1428571428572,467.2857142857143,1142032.0,1207441.0,317449.0,361714.0,638874.0,736917.0,0,False,False,False,False,False,False,False,False,False,False,False,False,False,False,False,False,False,True,False,False,False,False,False
PIURA,27.26,37.86,6.32,28.6,21.33,46.74,8.07,23.86,480.0,470.6,24.32,35.18,7.859999999999999,32.660000000000004,18.0,45.66,6.890000000000001,29.44,482.9,482.4,1142032.0,1207441.0,317449.0,361714.0,638874.0,736917.0,1,False,False,False,False,False,False,False,False,False,False,False,False,False,False,False,False,False,True,False,False,False,False,False
SECHURA,25.05,38.98333333333333,6.333333333333333,29.633333333333336,18.633333333333333,42.96666666666667,5.65,32.78333333333333,484.0,487.5,25.416666666666668,32.98333333333333,7.433333333333334,34.18333333333333,18.33333333333333,44.68333333333334,3.65,33.2,484.3333333333333,489.5,1142032.0,1207441.0,317449.0,361714.0,638874.0,736917.0,1,False,False,False,False,False,False,False,False,False,False,False,False,False,False,False,False,False,True,False,False,False,False,False
SULLANA,24.2125,40.8375,5.0,29.9375,20.15,46.8625,7.025,25.95,484.125,475.0,26.875,37.9,7.2,28.0375,20.15,45.6625,6.4,27.8,480.875,480.875,1142032.0,1207441.0,317449.0,361714.0,638874.0,736917.0,1,False,False,False,False,False,False,False,False,False,False,False,False,False,False,False,False,False,True,False,False,False,False,False
TALARA,29.683333333333334,37.66666666666666,6.966666666666666,25.683333333333334,30.4,44.41666666666666,8.333333333333334,16.833333333333332,474.6666666666667,453.1666666666667,27.4,32.266666666666666,8.933333333333334,31.383333333333336,24.016666666666666,42.05,8.416666666666666,25.53333333333333,474.6666666666667,474.3333333333333,1142032.0,1207441.0,317449.0,361714.0,638874.0,736917.0,1,False,False,False,False,False,False,False,False,False,False,False,False,False,False,False,False,False,True,False,False,False,False,False
AZÁNGARO,36.04285714285714,33.607142857142854,18.42142857142857,11.935714285714283,29.321428571428573,43.271428571428565,14.5,12.907142857142857,434.1428571428572,437.3571428571428,37.3,30.99285714285714,14.15,17.564285714285713,26.27142857142857,45.95,9.25,18.535714285714285,443.7857142857143,458.2857142857143,707560.0,756453.0,128293.0,148465.0,329231.0,383408.0,0,False,False,False,False,False,False,False,False,False,False,False,False,False,False,False,False,False,False,True,False,False,False,False
CARABAYA,39.19,32.9,10.6,17.28,25.6,46.2,6.8,21.42,452.3,465.4,29.2,34.37,9.92,26.53,17.84,46.37,5.46,30.340000000000003,467.1,485.2,707560.0,756453.0,128293.0,148465.0,329231.0,383408.0,1,False,False,False,False,False,False,False,False,False,False,False,False,False,False,False,False,False,False,True,False,False,False,False
CHUCUITO,37.68333333333334,25.48333333333333,24.0,12.85,23.03333333333333,40.95,23.316666666666663,12.716666666666669,426.3333333333333,431.5,31.085714285714285,31.75714285714286,20.12857142857143,17.057142857142857,26.757142857142856,41.84285714285714,10.657142857142857,20.77142857142857,438.1428571428572,460.7142857142857,707560.0,756453.0,128293.0,148465.0,329231.0,383408.0,2,False,False,False,False,False,False,False,False,False,False,False,False,False,False,False,False,False,False,True,False,False,False,False
EL COLLAO,46.15,31.55,9.85,12.475,28.025,49.5,6.2,16.3,441.5,457.5,21.875,23.55,9.875,44.7,15.5,28.675,5.8,50.0,501.5,527.25,707560.0,756453.0,128293.0,148465.0,329231.0,383408.0,0,False,False,False,False,False,False,False,False,False,False,False,False,False,False,False,False,False,False,True,False,False,False,False
HUANCANÉ,35.31428571428571,28.97142857142857,18.414285714285715,17.3,29.728571428571428,35.371428571428574,13.914285714285716,21.0,437.4285714285714,448.4285714285714,33.2375,31.15,12.825,22.775,19.5875,40.9125,7.1,32.3875,457.0,485.5,707560.0,756453.0,128293.0,148465.0,329231.0,383408.0,1,False,False,False,False,False,False,False,False,False,False,False,False,False,False,False,False,False,False,True,False,False,False,False
LAMPA,35.46666666666667,27.477777777777774,20.266666666666666,16.77777777777778,30.45555555555556,38.25555555555556,17.555555555555557,13.755555555555556,437.1111111111111,433.55555555555554,23.637500000000003,28.225,15.0875,33.05,17.2375,40.225,10.7625,31.8,472.75,485.375,707560.0,756453.0,128293.0,148465.0,329231.0,383408.0,0,False,False,False,False,False,False,False,False,False,False,False,False,False,False,False,False,False,False,True,False,False,False,False
MELGAR,38.34444444444445,29.1,18.61111111111111,13.922222222222222,32.544444444444444,34.388888888888886,17.233333333333334,15.844444444444443,431.6666666666667,435.22222222222223,34.36666666666667,29.488888888888887,14.666666666666666,21.48888888888889,20.6,48.077777777777776,11.18888888888889,20.133333333333333,451.6666666666667,465.0,707560.0,756453.0,128293.0,148465.0,329231.0,383408.0,0,False,False,False,False,False,False,False,False,False,False,False,False,False,False,False,False,False,False,True,False,False,False,False
MOHO,37.95,28.15,23.75,10.175,26.5,35.099999999999994,23.825,14.575,420.25,435.0,27.3,34.875,17.825,20.0,18.65,48.1,8.7,24.55,446.75,468.75,707560.0,756453.0,128293.0,148465.0,329231.0,383408.0,1,False,False,False,False,False,False,False,False,False,False,False,False,False,False,False,False,False,False,True,False,False,False,False
PUNO,36.09285714285714,31.75714285714286,17.364285714285714,14.771428571428572,29.057142857142857,40.73571428571428,12.828571428571427,17.37857142857143,438.0,447.0,35.32666666666667,26.040000000000003,15.2,23.44,24.92,42.940000000000005,11.613333333333332,20.52,448.53333333333336,459.26666666666665,707560.0,756453.0,128293.0,148465.0,329231.0,383408.0,0,False,False,False,False,False,False,False,False,False,False,False,False,False,False,False,False,False,False,True,False,False,False,False
SAN ANTONIO DE PUTINA,37.64,28.78,8.72,24.86,22.56,45.74,8.7,23.04,460.2,464.0,31.96,28.380000000000003,21.94,17.740000000000002,22.62,43.82,12.82,20.76,437.0,462.2,707560.0,756453.0,128293.0,148465.0,329231.0,383408.0,1,False,False,False,False,False,False,False,False,False,False,False,False,False,False,False,False,False,False,True,False,False,False,False
SAN ROMÁN,22.475,31.25,7.2,39.025000000000006,23.275,43.975,6.525,26.25,492.25,475.5,24.18,32.660000000000004,8.739999999999998,34.44,19.32,45.260000000000005,4.88,30.56,481.8,487.8,707560.0,756453.0,128293.0,148465.0,329231.0,383408.0,0,False,False,False,False,False,False,False,False,False,False,False,False,False,False,False,False,False,False,True,False,False,False,False
SANDIA,35.25,30.45,13.25,21.05,24.775,40.7625,10.6125,23.85,452.0,461.25,32.8,32.02,13.64,21.53,22.41,44.46,9.57,23.57,453.3,466.4,707560.0,756453.0,128293.0,148465.0,329231.0,383408.0,0,False,False,False,False,False,False,False,False,False,False,False,False,False,False,False,False,False,False,True,False,False,False,False
YUNGUYO,47.025,28.3,11.45,13.25,39.625,37.225,9.825,13.3,438.75,440.0,30.56,34.5,6.1,28.860000000000003,20.44,45.38,4.72,29.48,468.6,482.6,707560.0,756453.0,128293.0,148465.0,329231.0,383408.0,2,False,False,False,False,False,False,False,False,False,False,False,False,False,False,False,False,False,False,True,False,False,False,False
BELLAVISTA,38.55,33.03333333333333,16.066666666666666,12.383333333333333,31.816666666666663,35.48333333333333,23.683333333333334,9.0,434.6666666666667,415.8333333333333,32.7,28.916666666666668,20.683333333333334,17.7,27.96666666666667,38.083333333333336,20.166666666666668,13.783333333333331,435.5,429.1666666666667,502375.0,554199.0,44911.0,38345.0,188289.0,214069.0,3,False,False,False,False,False,False,False,False,False,False,False,False,False,False,False,False,False,False,False,True,False,False,False
EL DORADO,41.02,18.04,32.52,8.440000000000001,31.06,22.46,39.14,7.32,401.4,386.2,36.2,22.42,29.44,11.92,32.54,28.92,31.0,7.540000000000001,409.6,398.6,502375.0,554199.0,44911.0,38345.0,188289.0,214069.0,3,False,False,False,False,False,False,False,False,False,False,False,False,False,False,False,False,False,False,False,True,False,False,False
HUALLAGA,34.22,33.379999999999995,16.740000000000002,15.64,35.84,33.56,20.96,9.62,439.8,418.2,39.61666666666667,26.633333333333336,17.216666666666665,16.533333333333335,29.5,41.36666666666667,19.2,9.966666666666669,435.0,423.1666666666667,502375.0,554199.0,44911.0,38345.0,188289.0,214069.0,3,False,False,False,False,False,False,False,False,False,False,False,False,False,False,False,False,False,False,False,True,False,False,False
LAMAS,39.40909090909091,24.85454545454545,24.845454545454547,10.91818181818182,34.33636363636364,27.08181818181818,29.88181818181818,8.672727272727274,417.45454545454544,401.6363636363636,36.900000000000006,26.42727272727273,20.99090909090909,15.681818181818182,30.454545454545453,33.97272727272727,23.818181818181817,11.772727272727272,431.3636363636364,420.9090909090909,502375.0,554199.0,44911.0,38345.0,188289.0,214069.0,3,False,False,False,False,False,False,False,False,False,False,False,False,False,False,False,False,False,False,False,True,False,False,False
MARISCAL CÁCERES,38.9,28.04,19.6,13.46,31.82,27.08,27.0,14.080000000000002,430.8,416.8,35.739999999999995,29.0,17.04,18.2,30.160000000000004,36.42,19.62,13.86,441.2,429.6,502375.0,554199.0,44911.0,38345.0,188289.0,214069.0,3,False,False,False,False,False,False,False,False,False,False,False,False,False,False,False,False,False,False,False,True,False,False,False
MOYOBAMBA,33.35,35.7,9.483333333333333,21.5,30.71666666666667,41.96666666666667,12.483333333333334,14.8,461.1666666666667,441.5,22.5,31.96666666666667,7.416666666666667,38.1,18.6,46.11666666666667,5.766666666666667,29.5,490.8333333333333,481.6666666666667,502375.0,554199.0,44911.0,38345.0,188289.0,214069.0,2,False,False,False,False,False,False,False,False,False,False,False,False,False,False,False,False,False,False,False,True,False,False,False
PICOTA,41.64,31.39,17.77,9.16,35.22,31.31,28.83,4.62,427.3,399.2,36.83,26.660000000000004,21.03,15.48,35.54,32.260000000000005,25.17,7.010000000000001,429.0,409.2,502375.0,554199.0,44911.0,38345.0,188289.0,214069.0,3,False,False,False,False,False,False,False,False,False,False,False,False,False,False,False,False,False,False,False,True,False,False,False
RIOJA,29.366666666666667,38.25555555555556,8.166666666666666,24.23333333333333,25.266666666666666,44.922222222222224,8.788888888888888,21.04444444444444,470.22222222222223,463.3333333333333,23.7,33.08888888888889,8.622222222222224,34.577777777777776,20.05555555555556,47.077777777777776,9.22222222222222,23.633333333333333,481.77777777777777,467.22222222222223,502375.0,554199.0,44911.0,38345.0,188289.0,214069.0,2,False,False,False,False,False,False,False,False,False,False,False,False,False,False,False,False,False,False,False,True,False,False,False
SAN MARTÍN,37.82142857142857,27.228571428571428,21.45,13.492857142857144,31.478571428571428,29.57857142857143,31.857142857142858,7.1000000000000005,428.57142857142856,399.07142857142856,29.414285714285715,30.17142857142857,18.685714285714287,21.75714285714286,29.00714285714286,40.54285714285714,16.72142857142857,13.742857142857144,446.7142857142857,434.57142857142856,502375.0,554199.0,44911.0,38345.0,188289.0,214069.0,3,False,False,False,False,False,False,False,False,False,False,False,False,False,False,False,False,False,False,False,True,False,False,False
TOCACHE,40.260000000000005,27.640000000000004,14.16,17.919999999999998,33.62,32.36,17.14,16.84,444.2,440.2,35.1,28.04,16.96,19.86,31.660000000000004,38.46,16.36,13.5,441.4,434.0,502375.0,554199.0,44911.0,38345.0,188289.0,214069.0,2,False,False,False,False,False,False,False,False,False,False,False,False,False,False,False,False,False,False,False,True,False,False,False
CANDARAVE,2.075,31.25,0.0,66.675,2.075,34.375,0.0,63.55,553.25,569.0,7.58,22.12,0.0,70.32000000000001,4.64,20.16,0.0,75.2,567.2,605.2,303029.0,318701.0,68463.0,73636.0,215896.0,259710.0,0,False,False,False,False,False,False,False,False,False,False,False,False,False,False,False,False,False,False,False,False,True,False,False
JORGE BASADRE,10.733333333333334,33.03333333333333,1.1,55.16666666666666,8.766666666666667,36.13333333333333,2.2,52.9,535.0,550.6666666666666,6.233333333333333,30.433333333333334,3.3000000000000003,60.06666666666667,5.3,32.166666666666664,0.9333333333333332,61.53333333333333,548.3333333333334,552.0,303029.0,318701.0,68463.0,73636.0,215896.0,259710.0,0,False,False,False,False,False,False,False,False,False,False,False,False,False,False,False,False,False,False,False,False,True,False,False
TACNA,18.15,33.29,2.72,45.84,13.169999999999998,36.09,2.93,47.82,515.6,523.8,19.10909090909091,34.027272727272724,3.227272727272727,43.64545454545455,14.61818181818182,35.39090909090909,2.827272727272728,47.08181818181818,512.6363636363636,522.4545454545455,303029.0,318701.0,68463.0,73636.0,215896.0,259710.0,0,False,False,False,False,False,False,False,False,False,False,False,False,False,False,False,False,False,False,False,False,True,False,False
TARATA,12.166666666666666,26.666666666666668,8.0,53.13333333333333,26.73333333333333,34.93333333333333,0.0,38.333333333333336,502.3333333333333,502.3333333333333,29.85,27.75,3.35,38.95,5.5,50.1,1.15,43.3,485.0,511.0,303029.0,318701.0,68463.0,73636.0,215896.0,259710.0,0,False,False,False,False,False,False,False,False,False,False,False,False,False,False,False,False,False,False,False,False,True,False,False
CONTRALMIRANTE VILLAR,35.6,38.13333333333333,11.733333333333334,14.5,29.86666666666667,40.4,19.433333333333334,10.4,446.0,424.3333333333333,33.73333333333333,35.43333333333333,12.133333333333333,18.7,26.766666666666666,51.76666666666667,7.733333333333333,13.699999999999998,448.0,447.3333333333333,189829.0,205191.0,19168.0,20226.0,118389.0,132146.0,3,False,False,False,False,False,False,False,False,False,False,False,False,False,False,False,False,False,False,False,False,False,True,False
TUMBES,33.35,36.73333333333333,9.583333333333334,20.366666666666667,30.75,42.95,10.766666666666666,15.466666666666669,459.0,445.3333333333333,34.11666666666667,30.53333333333333,12.283333333333331,23.05,28.03333333333333,39.03333333333333,13.366666666666667,19.58333333333333,454.0,449.3333333333333,189829.0,205191.0,19168.0,20226.0,118389.0,132146.0,2,False,False,False,False,False,False,False,False,False,False,False,False,False,False,False,False,False,False,False,False,False,True,False
ZARUMILLA,35.2,35.8,12.0,17.025,33.525,43.425,13.85,9.175,449.25,431.0,37.5,29.45,15.25,17.8,24.95,44.55,13.05,17.425,441.0,449.25,189829.0,205191.0,19168.0,20226.0,118389.0,132146.0,2,False,False,False,False,False,False,False,False,False,False,False,False,False,False,False,False,False,False,False,False,False,True,False
ATALAYA,39.833333333333336,16.633333333333333,36.833333333333336,6.666666666666667,27.23333333333333,18.46666666666667,52.23333333333333,2.033333333333333,390.3333333333333,361.6666666666667,25.8,14.4,55.63333333333333,4.233333333333333,26.46666666666667,11.666666666666666,60.4,1.5,352.0,338.3333333333333,320362.0,350333.0,54901.0,57624.0,183773.0,214407.0,3,False,False,False,False,False,False,False,False,False,False,False,False,False,False,False,False,False,False,False,False,False,False,True
CORONEL PORTILLO,37.61666666666667,22.28333333333333,29.666666666666668,10.416666666666666,31.35,21.383333333333336,42.46666666666667,4.85,410.1666666666667,378.3333333333333,34.05714285714286,22.97142857142857,31.58571428571429,11.414285714285716,31.77142857142857,26.557142857142853,35.371428571428574,6.3,406.1428571428572,388.7142857142857,320362.0,350333.0,54901.0,57624.0,183773.0,214407.0,3,False,False,False,False,False,False,False,False,False,False,False,False,False,False,False,False,False,False,False,False,False,False,True
PADRE ABAD,39.82,32.1,17.36,10.74,39.62,31.76,22.86,5.76,430.6,406.4,37.6,25.62,24.02,12.74,35.3,32.44,22.94,9.38,419.8,411.8,320362.0,350333.0,54901.0,57624.0,183773.0,214407.0,3,False,False,False,False,False,False,False,False,False,False,False,False,False,False,False,False,False,False,False,False,False,False,True
PURÚS,32.1,17.9,46.4,3.6,25.0,3.6,67.9,3.6,378.0,329.0,32.4,10.8,32.4,24.3,18.9,16.2,51.4,13.5,424.0,385.0,320362.0,350333.0,54901.0,57624.0,183773.0,214407.0,3,False,False,False,False,False,False,False,False,False,False,False,False,False,False,False,False,False,False,False,False,False,False,True
